Date,Open,High,Low,Close,Adj Close,Volume,Stock Name,Ipo_price,lower_bound,upper_bound,to_filter
2024-08-22,127.0,127.0,123.0,124.76000213623047,124.76000213623047,61879.0,aaatech.NS,78.10661315917969,70.29595184326172,85.91727447509766,0
2024-08-22,408.0,412.8500061035156,405.04998779296875,407.45001220703125,407.45001220703125,464512.0,aadharhfc.NS,329.45001220703125,296.50501098632816,362.3950134277344,0
2024-08-22,13.020000457763672,13.25,12.899999618530273,12.970000267028809,12.970000267028809,188546.0,aakash.NS,5.054999828338623,4.549499845504761,5.560499811172486,0
2024-08-22,268.1499938964844,273.0,268.1499938964844,270.1499938964844,270.1499938964844,7290.0,aaron.NS,32.42044448852539,29.17840003967285,35.66248893737793,0
2024-08-22,139.63999938964844,165.0,139.63999938964844,158.4199981689453,158.4199981689453,369915.0,aarvi.NS,22.29066276550293,20.061596488952638,24.519729042053225,0
2024-08-22,26.950000762939453,26.950000762939453,26.299999237060547,26.399999618530273,26.399999618530273,20000.0,aatmaj.NS,53.20000076293945,47.88000068664551,58.520000839233404,0
2024-08-22,310.0,334.5,308.70001220703125,332.8999938964844,332.8999938964844,4083038.0,abdl.NS,317.8999938964844,286.10999450683596,349.68999328613285,1
2024-08-22,773.7000122070312,773.7000122070312,744.9500122070312,748.9500122070312,748.9500122070312,375634.0,abslamc.NS,652.9429931640625,587.6486938476563,718.2372924804688,0
2024-08-22,305.0,307.0,298.0,301.0,301.0,201000.0,absmarine.NS,279.29998779296875,251.36998901367187,307.22998657226566,1
2024-08-22,280.0,283.8500061035156,276.0,281.29998779296875,281.29998779296875,18500.0,accentmic.NS,315.0,283.5,346.5,0
2024-08-22,12.920000076293945,12.920000076293945,12.920000076293945,12.920000076293945,12.920000076293945,352341.0,accuracy.NS,3.0470192432403564,2.742317318916321,3.3517211675643925,0
2024-08-22,31.479999542236328,37.54999923706055,31.479999542236328,34.849998474121094,34.849998474121094,320517.0,aceinteg.NS,48.5,43.65,53.35,0
2024-08-22,765.0,832.0,765.0,821.0,821.0,2182079.0,aci.NS,451.6420593261719,406.4778533935547,496.8062652587891,0
2024-08-22,60.95000076293945,61.5,60.95000076293945,61.5,61.5,15000.0,acsal.NS,80.05000305175781,72.04500274658203,88.0550033569336,0
2024-08-22,173.88999938964844,174.9499969482422,165.99000549316406,167.66000366210938,167.66000366210938,2521428.0,aeroflex.NS,162.99180603027344,146.6926254272461,179.2909866333008,1
2024-08-22,898.0,935.0,895.0999755859375,910.6500244140625,910.6500244140625,194550.0,aether.NS,774.4000244140625,696.9600219726562,851.8400268554689,0
2024-08-22,112.30000305175781,115.1500015258789,111.0,111.31999969482422,111.31999969482422,83521.0,afil.NS,133.35000610351562,120.01500549316407,146.6850067138672,0
2024-08-22,103.44999694824219,103.44999694824219,103.44999694824219,103.44999694824219,103.44999694824219,0.0,agarwalft.NS,44.04999923706055,39.6449993133545,48.454999160766604,0
2024-08-22,47.0,48.900001525878906,47.0,48.650001525878906,48.650001525878906,60000.0,agni.NS,26.25,23.625,28.875000000000004,0
2024-08-22,94.63999938964844,95.5,92.58999633789062,94.04000091552734,94.04000091552734,697559.0,agstra.NS,161.0500030517578,144.94500274658205,177.1550033569336,0
2024-08-22,62.0,62.0,62.0,62.0,62.0,0.0,agul.NS,60.099998474121094,54.08999862670898,66.10999832153321,1
2024-08-22,597.0,625.0,576.0,587.5999755859375,587.5999755859375,1257740.0,ahl.NS,218.39999389648438,196.55999450683595,240.23999328613283,0
2024-08-22,106.69999694824219,107.9000015258789,105.02999877929688,106.91999816894531,106.91999816894531,64425.0,ahlada.NS,66.1525650024414,59.53730850219727,72.76782150268555,0
2024-08-22,115.19999694824219,115.19999694824219,112.5,115.0,115.0,12000.0,ailimited.NS,17.899999618530273,16.109999656677246,19.6899995803833,0
2024-08-22,505.6000061035156,517.0,498.0,504.3500061035156,504.3500061035156,40000.0,aimtron.NS,253.0500030517578,227.74500274658203,278.3550033569336,0
2024-08-22,142.39999389648438,142.6999969482422,136.58999633789062,138.5500030517578,138.5500030517578,18047.0,airolam.NS,83.69999694824219,75.32999725341797,92.06999664306642,0
2024-08-22,7.150000095367432,7.360000133514404,7.099999904632568,7.360000133514404,7.360000133514404,2992577.0,ajooni.NS,6.763829231262207,6.087446308135987,7.440212154388428,1
2024-08-22,23.649999618530273,23.969999313354492,22.610000610351562,22.8700008392334,22.8700008392334,208398.0,akg.NS,45.34756851196289,40.812811660766606,49.88232536315918,0
2024-08-22,66.5,66.55000305175781,66.0,66.19999694824219,66.19999694824219,17600.0,akiko.NS,93.3499984741211,84.01499862670899,102.68499832153321,0
2024-08-22,1000.0,1008.9500122070312,960.25,960.25,960.25,1499113.0,akums.NS,796.25,716.625,875.8750000000001,0
2024-08-22,454.3999938964844,465.0,451.5,461.29998779296875,461.29998779296875,50400.0,alletec.NS,130.43223571777344,117.38901214599609,143.4754592895508,0
2024-08-22,820.0,825.8499755859375,801.0,803.6500244140625,803.6500244140625,30000.0,alpexsolar.NS,345.45001220703125,310.90501098632814,379.9950134277344,0
2024-08-22,69.0,69.80000305175781,65.0,65.0,65.0,84000.0,aluwind.NS,47.25,42.525,51.975,0
2024-08-22,72.44999694824219,82.5,71.25,78.75,78.75,650000.0,ambey.NS,89.25,80.325,98.17500000000001,0
2024-08-22,112.8499984741211,113.0,109.5999984741211,112.0,112.0,20000.0,ameya.NS,65.4000015258789,58.86000137329102,71.9400016784668,0
2024-08-22,82.44999694824219,82.44999694824219,82.44999694824219,82.44999694824219,82.44999694824219,0.0,amiable.NS,136.39999389648438,122.75999450683594,150.0399932861328,0
2024-08-22,1332.0,1345.0,1300.0,1321.25,1321.25,79796.0,amiorg.NS,930.12353515625,837.111181640625,1023.1358886718751,0
2024-08-22,3796.0,3799.0,3722.050048828125,3758.10009765625,3758.10009765625,18070.0,anandrathi.NS,562.0291748046875,505.8262573242188,618.2320922851563,0
2024-08-22,484.04998779296875,486.0,469.0,480.0,480.0,19600.0,anlon.NS,263.6499938964844,237.28499450683594,290.01499328613284,0
2024-08-22,458.79998779296875,470.0,446.0,464.0,464.0,216500.0,annapurna.NS,126.0,113.4,138.60000000000002,0
2024-08-22,807.6500244140625,809.4000244140625,791.9500122070312,800.7000122070312,800.7000122070312,156594.0,anuras.NS,788.75,709.875,867.6250000000001,1
2024-08-22,488.0,489.0,472.04998779296875,478.1499938964844,478.1499938964844,35500.0,aps.NS,147.0,132.3,161.70000000000002,0
2024-08-22,315.8999938964844,317.20001220703125,308.79998779296875,315.8500061035156,315.8500061035156,818746.0,aptus.NS,337.46734619140625,303.7206115722656,371.21408081054693,1
2024-08-22,85.5999984741211,90.0,85.5999984741211,87.19999694824219,87.19999694824219,64000.0,arabian.NS,76.25,68.625,83.875,0
2024-08-22,115.9000015258789,115.9000015258789,104.0,104.0,104.0,12800.0,aristo.NS,83.75074005126953,75.37566604614258,92.1258140563965,0
2024-08-22,68.0999984741211,69.93000030517578,67.0,67.37000274658203,67.37000274658203,4001.0,artnirman.NS,31.149999618530273,28.034999656677247,34.264999580383304,0
2024-08-22,420.0,431.0,416.54998779296875,424.95001220703125,424.95001220703125,315232.0,askautoltd.NS,309.32611083984375,278.3934997558594,340.25872192382815,0
2024-08-22,88.0,88.5,88.0,88.5,88.5,6000.0,aspire.NS,59.29999923706055,53.36999931335449,65.22999916076661,0
2024-08-22,7.570000171661377,7.630000114440918,7.400000095367432,7.559999942779541,7.559999942779541,377869.0,atalreal.NS,3.1566660404205322,2.840999436378479,3.4723326444625857,0
2024-08-22,255.3000030517578,257.75,252.75,256.70001220703125,256.70001220703125,42400.0,atmastco.NS,95.55000305175781,85.99500274658203,105.10500335693361,0
2024-08-22,75.5999984741211,75.5999984741211,73.0999984741211,75.0,75.0,11200.0,auroimpex.NS,75.69999694824219,68.12999725341797,83.2699966430664,1
2024-08-22,512.1500244140625,520.0,508.0,513.4000244140625,513.4000244140625,48661.0,avalon.NS,398.0,358.2,437.8,0
2024-08-22,472.20001220703125,481.45001220703125,470.0,475.25,475.25,44216.0,avg.NS,193.63653564453125,174.27288208007812,213.00018920898438,0
2024-08-22,169.0,169.75,166.0,167.35000610351562,167.35000610351562,115200.0,avpinfra.NS,75.05000305175781,67.54500274658203,82.5550033569336,0
2024-08-22,800.0,946.0,800.0,861.7000122070312,861.7000122070312,3946638.0,awfis.NS,421.75,379.575,463.925,0
2024-08-22,762.2000122070312,769.7000122070312,727.0,739.5999755859375,739.5999755859375,170298.0,awhcl.NS,407.3500061035156,366.61500549316406,448.08500671386724,0
2024-08-22,401.3500061035156,401.8999938964844,378.5,380.5,380.5,9587023.0,awl.NS,268.25,241.425,295.07500000000005,0
2024-08-22,1642.0,1650.0,1619.050048828125,1632.050048828125,1632.050048828125,101849.0,azad.NS,677.5,609.75,745.2500000000001,0
2024-08-22,53.0,53.900001525878906,52.5,53.900001525878906,53.900001525878906,11200.0,babafp.NS,72.19999694824219,64.97999725341798,79.41999664306641,0
2024-08-22,340.0,365.25,340.0,365.25,365.25,69750.0,baheti.NS,114.0,102.60000000000001,125.4,0
2024-08-22,119.25,119.4000015258789,117.0,117.31999969482422,117.31999969482422,6815.0,banka.NS,34.75,31.275000000000002,38.225,0
2024-08-22,359.25,360.5,348.25,352.45001220703125,352.45001220703125,207660.0,bansalwire.NS,350.3500061035156,315.31500549316405,385.3850067138672,1
2024-08-22,561.0,579.8499755859375,558.0,563.2000122070312,563.2000122070312,30000.0,basilic.NS,284.54998779296875,256.09498901367186,313.00498657226564,0
2024-08-22,85.80000305175781,87.25,85.0999984741211,86.0,86.0,20800.0,baweja.NS,173.85000610351562,156.46500549316406,191.2350067138672,0
2024-08-22,239.85000610351562,239.9600067138672,234.50999450683594,236.02000427246094,236.02000427246094,5311.0,bbtcl.NS,224.9552001953125,202.45968017578124,247.45072021484378,1
2024-08-22,614.3499755859375,698.4000244140625,608.0,647.0499877929688,647.0499877929688,113027.0,bconcepts.NS,53.07392120361328,47.76652908325195,58.38131332397462,0
2024-08-22,111.44999694824219,111.69999694824219,109.5,109.75,109.75,38000.0,beacon.NS,94.5,85.05,103.95,0
2024-08-22,1451.199951171875,1535.0,1449.050048828125,1525.949951171875,1525.949951171875,399200.0,bectorfood.NS,583.4351806640625,525.0916625976563,641.7786987304688,0
2024-08-22,1445.0,1446.8499755859375,1420.050048828125,1430.5,1430.5,1125.0,bewltd.NS,250.9499969482422,225.85499725341796,276.04499664306644,0
2024-08-22,1148.0,1149.9000244140625,1115.0,1119.949951171875,1119.949951171875,524206.0,bhartihexa.NS,810.4146728515625,729.3732055664062,891.4561401367188,0
2024-08-22,856.9000244140625,872.6500244140625,848.0,855.0,855.0,399826.0,bikaji.NS,316.3802490234375,284.7422241210938,348.0182739257813,0
2024-08-22,90.0,90.0,90.0,90.0,90.0,0.0,birdys.NS,127.3499984741211,114.61499862670898,140.08499832153322,0
2024-08-22,268.70001220703125,269.8500061035156,261.2799987792969,266.489990234375,266.489990234375,206253.0,biret.NS,213.46817016601562,192.12135314941406,234.81498718261722,0
2024-08-22,235.9499969482422,245.3000030517578,234.17999267578125,239.35000610351562,239.35000610351562,743159.0,blse.NS,366.0,329.40000000000003,402.6,0
2024-08-22,484.95001220703125,485.0,470.20001220703125,475.6499938964844,475.6499938964844,201406.0,bluejet.NS,413.3999938964844,372.05999450683595,454.73999328613286,0
2024-08-22,282.0,282.0,275.5,276.70001220703125,276.70001220703125,9600.0,bluepebble.NS,208.9499969482422,188.05499725341798,229.84499664306642,0
2024-08-22,178.8000030517578,178.8000030517578,178.8000030517578,178.8000030517578,178.8000030517578,16000.0,bmetrics.NS,35.73409652709961,32.16068687438965,39.30750617980957,0
2024-08-22,11.859999656677246,11.859999656677246,11.859999656677246,11.859999656677246,11.859999656677246,0.0,bohraind.NS,68.6500015258789,61.78500137329102,75.5150016784668,0
2024-08-22,196.8000030517578,202.0,195.02000427246094,200.2100067138672,200.2100067138672,89235.0,bshsl.NS,9.375,8.4375,10.3125,0
2024-08-22,13.229999542236328,13.229999542236328,13.229999542236328,13.229999542236328,13.229999542236328,39768.0,btml.NS,1.530450701713562,1.3774056315422059,1.6834957718849184,0
2024-08-22,289.95001220703125,290.95001220703125,284.0,284.95001220703125,284.95001220703125,340271.0,campus.NS,378.8999938964844,341.00999450683594,416.78999328613287,0
2024-08-22,4518.0,4556.89990234375,4352.5498046875,4387.89990234375,4387.89990234375,319859.0,cams.NS,2084.520263671875,1876.0682373046875,2292.9722900390625,0
2024-08-22,49.5,49.599998474121094,48.5,48.5,48.5,64000.0,canarys.NS,41.29999923706055,37.169999313354495,45.429999160766606,0
2024-08-22,303.0,307.5,299.20001220703125,304.95001220703125,304.95001220703125,94277.0,capitalsfb.NS,433.283447265625,389.9551025390625,476.61179199218753,0
2024-08-22,920.0,926.5,907.2000122070312,919.5499877929688,919.5499877929688,226159.0,cartrade.NS,1501.050048828125,1350.9450439453126,1651.1550537109376,0
2024-08-22,13.850000381469727,13.949999809265137,13.850000381469727,13.899999618530273,13.899999618530273,16000.0,cbazaar.NS,39.900001525878906,35.91000137329102,43.8900016784668,0
2024-08-22,391.0,409.70001220703125,389.75,397.29998779296875,397.29998779296875,1806007.0,ceigall.NS,386.75,348.075,425.425,1
2024-08-22,34.04999923706055,34.20000076293945,33.04999923706055,33.849998474121094,33.849998474121094,258000.0,cellecor.NS,96.5999984741211,86.93999862670898,106.25999832153322,0
2024-08-22,919.9500122070312,927.5999755859375,909.0,913.7999877929688,913.7999877929688,77508.0,cello.NS,790.4293212890625,711.3863891601562,869.4722534179688,0
2024-08-22,32.75,32.75,31.450000762939453,32.099998474121094,32.099998474121094,56400.0,cellpoint.NS,95.0,85.5,104.50000000000001,0
2024-08-22,219.0500030517578,219.0500030517578,201.6999969482422,213.3000030517578,213.3000030517578,288000.0,cgraphics.NS,176.25,158.625,193.87500000000003,0
2024-08-22,161.9499969482422,176.8000030517578,157.60000610351562,171.0500030517578,171.0500030517578,421000.0,chavda.NS,86.44999694824219,77.80499725341797,95.09499664306641,0
2024-08-22,272.8500061035156,281.75,271.1000061035156,271.8500061035156,271.8500061035156,118139.0,chemcon.NS,578.9600219726562,521.0640197753906,636.856024169922,0
2024-08-22,494.95001220703125,505.6499938964844,493.75,498.20001220703125,498.20001220703125,313147.0,chemplasts.NS,535.5999755859375,482.03997802734375,589.1599731445312,1
2024-08-22,1572.0,1622.8499755859375,1555.5,1563.25,1563.25,294934.0,clean.NS,1571.1949462890625,1414.0754516601562,1728.3144409179688,1
2024-08-22,48.95000076293945,55.0,48.04999923706055,53.54999923706055,53.54999923706055,356000.0,clsl.NS,53.150001525878906,47.835001373291014,58.4650016784668,1
2024-08-22,139.0,139.0,132.39999389648438,132.39999389648438,132.39999389648438,2400.0,cmrsl.NS,246.6973419189453,222.0276077270508,271.3670761108399,0
2024-08-22,576.0,581.5,572.8499755859375,573.9500122070312,573.9500122070312,458297.0,cmsinfo.NS,230.8634490966797,207.77710418701173,253.94979400634767,0
2024-08-22,56.20000076293945,56.25,55.70000076293945,55.75,55.75,11200.0,committed.NS,85.36785888671875,76.83107299804688,93.90464477539064,0
2024-08-22,1595.800048828125,1641.3499755859375,1592.0,1598.5999755859375,1598.5999755859375,34058.0,concordbio.NS,937.551513671875,843.7963623046875,1031.3066650390626,0
2024-08-22,348.0,360.0,348.0,355.25,355.25,4250.0,coolcaps.NS,43.29999923706055,38.96999931335449,47.62999916076661,0
2024-08-22,301.0,301.0,275.04998779296875,275.25,275.25,4800.0,cps.NS,472.5,425.25,519.75,0
2024-08-22,122.0,124.4000015258789,121.5999984741211,121.5999984741211,121.5999984741211,24000.0,crayons.NS,94.5,85.05,103.95,0
2024-08-22,1229.949951171875,1251.550048828125,1218.0,1220.5,1220.5,170799.0,creditacc.NS,1449.456298828125,1304.5106689453125,1594.4019287109377,0
2024-08-22,258.1499938964844,259.0,258.1499938964844,258.1499938964844,258.1499938964844,12273.0,crown.NS,34.7352180480957,31.261696243286135,38.208739852905275,0
2024-08-22,790.0,823.0,787.0999755859375,817.4500122070312,817.4500122070312,836645.0,cyientdlm.NS,420.6000061035156,378.5400054931641,462.66000671386723,0
2024-08-22,7.389999866485596,7.460000038146973,7.25,7.309999942779541,7.309999942779541,110245.0,dangee.NS,7.360000133514404,6.624000120162964,8.096000146865846,1
2024-08-22,2911.0,2911.0,2860.39990234375,2870.39990234375,2870.39990234375,131803.0,datapattns.NS,749.029296875,674.1263671875,823.9322265625001,0
2024-08-22,141.0,141.0,136.0,139.1999969482422,139.1999969482422,49200.0,dcg.NS,85.5,76.95,94.05000000000001,0
2024-08-22,356.0,369.8999938964844,354.8999938964844,359.54998779296875,359.54998779296875,458961.0,deedev.NS,335.32000732421875,301.7880065917969,368.85200805664067,1
2024-08-22,117.0,117.0,113.80000305175781,114.6500015258789,114.6500015258789,8000.0,deem.NS,209.6999969482422,188.72999725341796,230.6699966430664,0
2024-08-22,265.0,265.0,250.3000030517578,250.8000030517578,250.8000030517578,16200.0,delaplex.NS,324.45001220703125,292.00501098632816,356.8950134277344,0
2024-08-22,431.0,432.45001220703125,419.0,421.20001220703125,421.20001220703125,1671242.0,delhivery.NS,536.3499755859375,482.71497802734376,589.9849731445313,0
2024-08-22,190.89999389648438,201.75,188.60000610351562,201.0,201.0,18600.0,deneers.NS,180.5,162.45000000000002,198.55,0
2024-08-22,551.0,580.0,542.2000122070312,575.7999877929688,575.7999877929688,43250.0,dentalkart.NS,221.5500030517578,199.39500274658204,243.70500335693362,0
2024-08-22,35.54999923706055,35.54999923706055,35.54999923706055,35.54999923706055,35.54999923706055,12000.0,destiny.NS,8.496232032775879,7.646608829498291,9.345855236053467,0
2024-08-22,126.98999786376953,146.3000030517578,125.0,138.7899932861328,138.7899932861328,780157.0,devit.NS,66.31458282470703,59.68312454223633,72.94604110717773,0
2024-08-22,176.5,182.9499969482422,176.5,181.38999938964844,181.38999938964844,5309649.0,devyani.NS,123.5,111.15,135.85000000000002,0
2024-08-22,368.0,374.70001220703125,363.0,368.1000061035156,368.1000061035156,124098.0,dharmaj.NS,266.29998779296875,239.66998901367188,292.92998657226565,0
2024-08-22,139.75,140.0,126.69999694824219,126.75,126.75,19200.0,dhtl.NS,180.75,162.675,198.82500000000002,0
2024-08-22,483.0,500.0,476.0,490.8500061035156,490.8500061035156,16000.0,digikore.NS,283.5,255.15,311.85,0
2024-08-22,633.0,635.0,626.0,629.75,629.75,37101.0,divgiitts.NS,600.6334228515625,540.5700805664063,660.6967651367188,1
2024-08-22,1242.3499755859375,1250.0,1217.5,1224.550048828125,1224.550048828125,39375.0,dodla.NS,609.9000244140625,548.9100219726563,670.8900268554688,0
2024-08-22,38.849998474121094,38.849998474121094,38.849998474121094,38.849998474121094,38.849998474121094,4000.0,dollex.NS,31.5,28.35,34.650000000000006,0
2024-08-22,2374.800048828125,2459.0,2367.60009765625,2428.35009765625,2428.35009765625,235021.0,doms.NS,1326.050048828125,1193.4450439453126,1458.6550537109376,0
2024-08-22,89.0,89.69999694824219,86.1500015258789,87.5999984741211,87.5999984741211,57000.0,dpel.NS,152.3000030517578,137.07000274658205,167.5300033569336,0
2024-08-22,428.29998779296875,428.29998779296875,415.95001220703125,419.25,419.25,18674.0,dpwires.NS,64.49022674560547,58.04120407104492,70.93924942016602,0
2024-08-22,468.6499938964844,468.6499938964844,456.3999938964844,458.0,458.0,119119.0,dreamfolks.NS,461.9386291503906,415.74476623535156,508.13249206542974,1
2024-08-22,274.75,285.3999938964844,268.54998779296875,285.3999938964844,285.3999938964844,98000.0,drone.NS,102.0999984741211,91.88999862670899,112.30999832153321,0
2024-08-22,171.9499969482422,171.9499969482422,161.0,162.0500030517578,162.0500030517578,10800.0,dtl.NS,252.0,226.8,277.20000000000005,0
2024-08-22,119.5,124.9000015258789,118.0,119.19999694824219,119.19999694824219,7200.0,ducol.NS,116.99614715576172,105.29653244018554,128.6957618713379,1
2024-08-22,71.9000015258789,72.94999694824219,71.0999984741211,71.5,71.5,42000.0,durlax.NS,103.55000305175781,93.19500274658203,113.9050033569336,0
2024-08-22,2504.89990234375,2504.89990234375,2504.89990234375,2504.89990234375,2504.89990234375,15627.0,e2e.NS,136.6999969482422,123.02999725341797,150.36999664306643,0
2024-08-22,39.720001220703125,39.939998626708984,39.599998474121094,39.70000076293945,39.70000076293945,4916680.0,easemytrip.NS,12.830153465270996,11.547138118743897,14.113168811798097,0
2024-08-22,200.25,202.0,197.10000610351562,199.3000030517578,199.3000030517578,15200.0,efactor.NS,120.16947174072266,108.1525245666504,132.18641891479493,0
2024-08-22,327.0,335.25,325.0,335.0,335.0,363200.0,effwa.NS,163.5500030517578,147.19500274658205,179.9050033569336,0
2024-08-22,67.3499984741211,68.0,66.55000305175781,66.80000305175781,66.80000305175781,51600.0,eforce.NS,105.0,94.5,115.50000000000001,0
2024-08-22,175.8699951171875,180.97000122070312,175.50999450683594,180.3699951171875,180.3699951171875,25763.0,eiffl.NS,135.14999389648438,121.63499450683594,148.6649932861328,0
2024-08-22,214.89999389648438,217.1699981689453,211.63999938964844,215.60000610351562,215.60000610351562,145703.0,elin.NS,226.26019287109375,203.6341735839844,248.88621215820314,1
2024-08-22,1369.75,1377.449951171875,1351.1500244140625,1359.4000244140625,1359.4000244140625,87048.0,emcure.NS,1359.1500244140625,1223.2350219726563,1495.065026855469,1
2024-08-22,228.5,228.7100067138672,222.60000610351562,223.8699951171875,223.8699951171875,1123051.0,emil.NS,84.5,76.05,92.95,0
2024-08-22,338.0,342.0,337.04998779296875,339.5,339.5,17000.0,emmil.NS,384.25,345.825,422.675,0
2024-08-22,856.9500122070312,861.0,835.0999755859375,838.3499755859375,838.3499755859375,238714.0,emslimited.NS,279.2874450683594,251.35870056152345,307.21618957519536,0
2024-08-22,788.9000244140625,788.9000244140625,770.0,773.5,773.5,84561.0,emudhra.NS,255.75404357910156,230.17863922119142,281.32944793701176,0
2024-08-22,178.10000610351562,178.10000610351562,175.0,176.35000610351562,176.35000610351562,15600.0,enfuse.NS,115.44999694824219,103.90499725341797,126.99499664306641,0
2024-08-22,235.5,245.5,235.5,238.10000610351562,238.10000610351562,14000.0,enser.NS,70.0999984741211,63.08999862670898,77.10999832153321,0
2024-08-22,1305.050048828125,1311.050048828125,1268.8499755859375,1280.9000244140625,1280.9000244140625,23687.0,entero.NS,1149.550048828125,1034.5950439453125,1264.5050537109375,0
2024-08-22,255.9499969482422,257.0,252.5500030517578,253.5500030517578,253.5500030517578,465378.0,epack.NS,207.60000610351562,186.84000549316406,228.3600067138672,0
2024-08-22,84.94999694824219,85.0,83.5,83.62000274658203,83.62000274658203,2762720.0,equitasbnk.NS,31.727670669555664,28.5549036026001,34.900437736511236,0
2024-08-22,52.630001068115234,53.150001525878906,51.689998626708984,51.959999084472656,51.959999084472656,1274851.0,esafsfb.NS,68.08272552490234,61.274452972412114,74.89099807739258,0
2024-08-22,353.70001220703125,353.70001220703125,320.1000061035156,339.70001220703125,339.70001220703125,96800.0,esconet.NS,275.5,247.95000000000002,303.05,0
2024-08-22,145.5,145.5,140.0,142.6999969482422,142.6999969482422,51600.0,esfl.NS,147.0,132.3,161.70000000000002,1
2024-08-22,3318.050048828125,3396.25,3078.300048828125,3162.300048828125,3162.300048828125,419799.0,ethosltd.NS,803.0999755859375,722.7899780273438,883.4099731445314,0
2024-08-22,187.5500030517578,195.0,187.0,192.0,192.0,16000.0,eurobond.NS,85.6500015258789,77.08500137329102,94.2150016784668,0
2024-08-22,399.95001220703125,404.45001220703125,396.79998779296875,399.95001220703125,399.95001220703125,134036.0,exicom.NS,224.9499969482422,202.454997253418,247.44499664306642,0
2024-08-22,83.66999816894531,85.5,83.66999816894531,84.48999786376953,84.48999786376953,66400.0,exxaro.NS,132.3000030517578,119.07000274658203,145.5300033569336,0
2024-08-22,57.349998474121094,58.0,56.5,57.95000076293945,57.95000076293945,19200.0,falcontech.NS,88.19999694824219,79.37999725341797,97.01999664306642,0
2024-08-22,119.0,129.97999572753906,118.86000061035156,121.05000305175781,121.05000305175781,4151416.0,fedfina.NS,140.25,126.22500000000001,154.275,0
2024-08-22,115.0999984741211,117.8499984741211,115.0999984741211,117.80000305175781,117.80000305175781,8000.0,fidel.NS,59.084571838378906,53.17611465454102,64.9930290222168,0
2024-08-22,367.0,397.0,360.79998779296875,392.1000061035156,392.1000061035156,1378549.0,finopb.NS,543.9000244140625,489.51002197265626,598.2900268554688,0
2024-08-22,629.4500122070312,662.4000244140625,628.9500122070312,642.0,642.0,1875742.0,firstcry.NS,679.0999755859375,611.1899780273437,747.0099731445313,1
2024-08-22,293.0,303.5,293.0,301.45001220703125,301.45001220703125,88101.0,flair.NS,450.8999938964844,405.80999450683595,495.98999328613286,0
2024-08-22,107.0,108.94999694824219,99.22000122070312,105.2300033569336,105.2300033569336,1026461.0,focus.NS,16.967971801757812,15.271174621582032,18.664768981933594,0
2024-08-22,192.4499969482422,192.4499969482422,187.4499969482422,187.6999969482422,187.6999969482422,5000.0,fonebox.NS,210.0,189.0,231.00000000000003,0
2024-08-22,342.04998779296875,347.0,321.79998779296875,338.0,338.0,71600.0,frog.NS,185.8000030517578,167.22000274658203,204.3800033569336,0
2024-08-22,289.95001220703125,290.0,284.5,284.8999938964844,284.8999938964844,764600.0,fusion.NS,324.79998779296875,292.3199890136719,357.27998657226567,0
2024-08-22,221.0,225.0,218.36000061035156,219.50999450683594,219.00999450683594,719241.0,gandhar.NS,300.7134704589844,270.6421234130859,330.7848175048828,0
2024-08-22,8.40999984741211,8.40999984741211,8.229999542236328,8.40999984741211,8.40999984741211,1034775.0,gangaforge.NS,9.869999885559082,8.882999897003174,10.85699987411499,0
2024-08-22,99.69999694824219,104.58999633789062,98.58000183105469,103.20999908447266,103.20999908447266,612819.0,geekaywire.NS,6.842631816864014,6.158368635177612,7.526894998550415,0
2024-08-22,499.95001220703125,510.0,482.20001220703125,484.45001220703125,484.45001220703125,144000.0,ggbl.NS,379.04998779296875,341.1449890136719,416.9549865722657,0
2024-08-22,1958.699951171875,1959.0,1885.050048828125,1900.25,1900.25,634906.0,gland.NS,1800.9666748046875,1620.8700073242187,1981.0633422851565,1
2024-08-22,185.5800018310547,189.32000732421875,182.8000030517578,184.33999633789062,184.33999633789062,31566.0,global.NS,22.49948501586914,20.249536514282227,24.74943351745606,0
2024-08-22,109.05000305175781,110.0,106.0,108.0,108.0,198000.0,globalpet.NS,52.79999923706055,47.5199993133545,58.079999160766604,0
2024-08-22,4.539999961853027,4.539999961853027,4.440000057220459,4.539999961853027,4.539999961853027,3251902.0,globe.NS,2.7632620334625244,2.486935830116272,3.039588236808777,0
2024-08-22,1024.050048828125,1052.0,1019.5499877929688,1038.199951171875,1038.199951171875,131275.0,gls.NS,658.7857055664062,592.9071350097656,724.664276123047,0
2024-08-22,1152.0999755859375,1166.0,1142.0,1151.75,1151.75,11672.0,gocolors.NS,1253.699951171875,1128.3299560546875,1379.0699462890625,1
2024-08-22,360.0,367.0,357.6000061035156,359.3999938964844,359.3999938964844,741999.0,godigit.NS,306.0,275.40000000000003,336.6,0
2024-08-22,344.0,348.8999938964844,338.3999938964844,339.70001220703125,339.70001220703125,207844.0,gopal.NS,362.70001220703125,326.4300109863281,398.9700134277344,1
2024-08-22,181.0,181.0,179.75,180.0,180.0,4800.0,goyalsalt.NS,136.10000610351562,122.49000549316406,149.7100067138672,0
2024-08-22,316.0,316.04998779296875,308.0,309.75,309.75,27600.0,gpeco.NS,393.75,354.375,433.12500000000006,0
2024-08-22,198.5,198.5,192.10000610351562,193.50999450683594,193.50999450683594,387968.0,gpthealth.NS,197.82095336914062,178.03885803222656,217.6030487060547,1
2024-08-22,49.45000076293945,49.5,48.29999923706055,48.95000076293945,48.95000076293945,16800.0,graphisad.NS,105.94999694824219,95.35499725341798,116.54499664306641,0
2024-08-22,370.04998779296875,377.70001220703125,360.70001220703125,377.6000061035156,377.6000061035156,5500.0,grcl.NS,36.75,33.075,40.425000000000004,0
2024-08-22,78.05000305175781,80.0,77.0,79.55000305175781,79.55000305175781,30400.0,greenchef.NS,109.19999694824219,98.27999725341797,120.11999664306641,0
2024-08-22,1588.949951171875,1588.949951171875,1553.550048828125,1562.949951171875,1562.949951171875,37816.0,grinfra.NS,1747.0999755859375,1572.389978027344,1921.8099731445313,0
2024-08-22,180.0,187.99000549316406,176.80999755859375,178.2899932861328,178.2899932861328,467070.0,gslsu.NS,171.0500030517578,153.94500274658205,188.1550033569336,1
2024-08-22,73.69999694824219,75.8499984741211,68.69999694824219,72.69999694824219,72.69999694824219,576000.0,gsmfoils.NS,33.599998474121094,30.239998626708985,36.959998321533206,0
2024-08-22,41.79999923706055,46.20000076293945,41.79999923706055,45.45000076293945,45.45000076293945,540000.0,gstl.NS,59.45000076293945,53.50500068664551,65.3950008392334,0
2024-08-22,806.9000244140625,806.9000244140625,795.0,796.7999877929688,796.7999877929688,332339.0,happstmnds.NS,362.72393798828125,326.45154418945316,398.9963317871094,0
2024-08-22,1222.699951171875,1230.0,1203.0,1223.550048828125,1223.550048828125,19042.0,happyforge.NS,1027.37744140625,924.639697265625,1130.1151855468752,0
2024-08-22,795.0,820.0,791.25,814.4000244140625,814.4000244140625,773475.0,hariompipe.NS,231.0,207.9,254.10000000000002,0
2024-08-22,545.9500122070312,547.9500122070312,535.0999755859375,538.6500244140625,538.6500244140625,54851.0,harsha.NS,485.364501953125,436.8280517578125,533.9009521484376,0
2024-08-22,104.01000213623047,104.01000213623047,104.01000213623047,104.01000213623047,104.01000213623047,6656.0,hecproject.NS,34.29999923706055,30.869999313354494,37.7299991607666,0
2024-08-22,474.0,494.0,466.1000061035156,482.3500061035156,482.3500061035156,367175.0,heranba.NS,806.1129760742188,725.5016784667969,886.7242736816407,0
2024-08-22,190.1999969482422,194.4499969482422,190.1999969482422,193.0,193.0,23200.0,higreen.NS,80.8499984741211,72.76499862670899,88.93499832153321,0
2024-08-22,57.79999923706055,58.0,55.630001068115234,56.0099983215332,56.0099983215332,187169.0,hindcon.NS,8.090054512023926,7.281049060821533,8.89905996322632,0
2024-08-22,51.5,51.970001220703125,51.04999923706055,51.25,51.25,181607.0,hmaagro.NS,56.34788513183594,50.713096618652344,61.98267364501954,1
2024-08-22,153.9499969482422,159.89999389648438,153.9499969482422,159.89999389648438,159.89999389648438,12000.0,hoacfoods.NS,139.64999389648438,125.68499450683593,153.61499328613283,0
2024-08-22,114.0,118.0,110.19999694824219,118.0,118.0,16500.0,holmarc.NS,68.26710510253906,61.44039459228516,75.09381561279298,0
2024-08-22,1053.449951171875,1071.0,1043.949951171875,1048.199951171875,1048.199951171875,113217.0,homefirst.NS,523.5241088867188,471.1716979980469,575.8765197753906,0
2024-08-22,583.0,583.0,583.0,583.0,583.0,300.0,homesfy.NS,287.95001220703125,259.15501098632814,316.7450134277344,0
2024-08-22,470.0,475.0,462.45001220703125,472.54998779296875,472.54998779296875,390060.0,honasa.NS,337.1000061035156,303.3900054931641,370.8100067138672,0
2024-08-22,102.0,102.19000244140625,99.26000213623047,100.13999938964844,100.13999938964844,222470.0,hpal.NS,66.1500015258789,59.53500137329102,72.7650016784668,0
2024-08-22,154.2100067138672,154.2100067138672,148.72000122070312,150.69000244140625,150.69000244140625,532.0,hpil.NS,38.886024475097656,34.997422027587895,42.774626922607425,0
2024-08-22,45.599998474121094,45.650001525878906,45.599998474121094,45.650001525878906,45.650001525878906,9000.0,hrhnext.NS,43.04999923706055,38.74499931335449,47.3549991607666,1
2024-08-22,57.5,57.5,56.099998474121094,56.95000076293945,56.95000076293945,20000.0,iblfl.NS,58.79999923706055,52.919999313354495,64.67999916076661,1
2024-08-22,730.0,734.9500122070312,721.0,727.9500122070312,727.9500122070312,22614.0,icemake.NS,56.63490676879883,50.97141609191895,62.29839744567872,0
2024-08-22,699.0,717.5,699.0,714.5,714.5,336756.0,ideaforge.NS,1294.949951171875,1165.4549560546875,1424.4449462890627,0
2024-08-22,335.0,396.0,329.04998779296875,395.20001220703125,395.20001220703125,214000.0,ieml.NS,451.5,406.35,496.65000000000003,0
2024-08-22,465.04998779296875,469.6499938964844,459.0,467.75,467.75,966882.0,iifl.NS,496.2322692871094,446.6090423583984,545.8554962158204,1
2024-08-22,291.45001220703125,293.6499938964844,287.29998779296875,288.0,288.0,292115.0,ikio.NS,402.47003173828125,362.22302856445316,442.7170349121094,0
2024-08-22,590.5,592.0,574.0,575.9500122070312,575.9500122070312,197896.0,indgn.NS,570.9000244140625,513.8100219726563,627.9900268554688,1
2024-08-22,728.5999755859375,773.0,721.9500122070312,768.4500122070312,768.4500122070312,179185.0,indiashltr.NS,544.7000122070312,490.2300109863281,599.1700134277344,0
2024-08-22,33.45000076293945,33.45000076293945,33.45000076293945,33.45000076293945,33.45000076293945,4000.0,indifra.NS,68.4000015258789,61.560001373291016,75.2400016784668,0
2024-08-22,1485.0,1499.0,1465.0,1470.050048828125,1470.050048828125,62411.0,indigopnts.NS,3097.259765625,2787.5337890625,3406.9857421875004,0
2024-08-22,135.8000030517578,137.0,134.25,134.58999633789062,134.58999633789062,2658811.0,indigrid.NS,90.59855651855469,81.53870086669922,99.65841217041016,0
2024-08-22,193.5,196.6999969482422,191.10000610351562,191.3000030517578,191.3000030517578,6000.0,infinium.NS,73.9000015258789,66.51000137329102,81.29000167846681,0
2024-08-22,301.0,307.0,297.0,297.0,297.0,12800.0,infollion.NS,198.5500030517578,178.69500274658205,218.4050033569336,0
2024-08-22,263.0,265.0,259.04998779296875,259.04998779296875,259.04998779296875,1800.0,inm.NS,283.5,255.15,311.85,1
2024-08-22,678.0499877929688,689.9500122070312,671.4000244140625,676.2000122070312,676.2000122070312,68171.0,innovacap.NS,541.4000244140625,487.26002197265626,595.5400268554688,0
2024-08-22,197.6999969482422,213.8000030517578,197.6999969482422,210.83999633789062,210.83999633789062,17180981.0,inoxgreen.NS,59.099998474121094,53.189998626708984,65.0099983215332,0
2024-08-22,1194.449951171875,1209.449951171875,1194.449951171875,1202.25,1202.25,141381.0,inoxindia.NS,939.9500122070312,845.9550109863281,1033.9450134277345,0
2024-08-22,34.70000076293945,34.70000076293945,33.0,33.599998474121094,33.599998474121094,10000.0,inspire.NS,67.8499984741211,61.064998626708984,74.6349983215332,0
2024-08-22,214.0,220.49000549316406,212.7100067138672,216.0500030517578,216.0500030517578,707525.0,ipl.NS,338.9424133300781,305.0481719970703,372.836654663086,0
2024-08-22,170.5500030517578,170.5500030517578,170.5500030517578,170.5500030517578,170.5500030517578,0.0,ipsl.NS,73.25,65.925,80.575,0
2024-08-22,181.0,181.97999572753906,179.9499969482422,181.44000244140625,180.74000549316406,14101752.0,irfc.NS,132.17161560058594,118.95445404052735,145.38877716064454,0
2024-08-22,65.19000244140625,65.25,64.0,64.56999969482422,64.56999969482422,85624.0,irisdoreme.NS,14.15999984741211,12.743999862670899,15.575999832153322,0
2024-08-22,417.5,432.20001220703125,410.54998779296875,422.54998779296875,422.54998779296875,901236.0,irmenergy.NS,471.5910339355469,424.4319305419922,518.7501373291016,0
2024-08-22,2.700000047683716,2.9000000953674316,2.700000047683716,2.9000000953674316,2.9000000953674316,7440000.0,ishan.NS,2.623332977294922,2.3609996795654298,2.8856662750244144,0
2024-08-22,33.650001525878906,34.099998474121094,33.54999923706055,33.900001525878906,33.900001525878906,30000.0,italiane.NS,57.75,51.975,63.525000000000006,0
2024-08-22,167.3000030517578,171.74000549316406,166.10000610351562,166.75,166.75,1579594.0,ixigo.NS,165.72000122070312,149.14800109863282,182.29200134277346,1
2024-08-22,158.0,159.0,155.0,155.0,155.0,6000.0,jainam.NS,69.69999694824219,62.72999725341797,76.66999664306641,0
2024-08-22,36.150001525878906,36.20000076293945,34.400001525878906,35.349998474121094,35.349998474121094,84126.0,jaipurkurt.NS,72.69999694824219,65.42999725341797,79.96999664306641,0
2024-08-22,14.770000457763672,17.110000610351562,14.130000114440918,17.110000610351562,17.110000610351562,3920833.0,jetfreight.NS,20.72483253479004,18.652349281311036,22.797315788269046,0
2024-08-22,60.79999923706055,60.79999923706055,59.0,59.849998474121094,59.849998474121094,10000.0,jfllife.NS,66.5,59.85,73.15,0
2024-08-22,404.0,407.79998779296875,386.5,390.45001220703125,390.45001220703125,389357.0,jgchem.NS,184.8000030517578,166.32000274658205,203.2800033569336,0
2024-08-22,15.0,15.0,14.449999809265137,14.949999809265137,14.949999809265137,48000.0,jiwanram.NS,28.5,25.650000000000002,31.35,0
2024-08-22,1373.75,1373.75,1324.0999755859375,1331.8499755859375,1331.8499755859375,10915.0,jlhl.NS,1074.943359375,967.4490234375,1182.4376953125002,0
2024-08-22,770.0,779.9000244140625,745.0,762.2999877929688,762.2999877929688,23977.0,jnkindia.NS,694.5499877929688,625.0949890136719,764.0049865722657,1
2024-08-22,591.5,619.7000122070312,590.9500122070312,605.0499877929688,605.0499877929688,307150.0,jsfb.NS,368.1499938964844,331.3349945068359,404.9649932861328,0
2024-08-22,1376.0,1400.0,1376.0,1397.9000244140625,1397.9000244140625,9360.0,jsll.NS,94.9011459350586,85.41103134155274,104.39126052856446,0
2024-08-22,314.95001220703125,315.0,312.25,312.70001220703125,312.70001220703125,723295.0,jswinfra.NS,157.04258728027344,141.3383285522461,172.7468460083008,0
2024-08-22,397.70001220703125,402.20001220703125,393.75,400.54998779296875,400.54998779296875,142524.0,juniper.NS,401.5,361.35,441.65000000000003,1
2024-08-22,1133.8499755859375,1238.5999755859375,1126.0,1222.25,1222.25,1848816.0,jyoticnc.NS,434.20001220703125,390.78001098632814,477.6200134277344,0
2024-08-22,273.1499938964844,273.1499938964844,272.95001220703125,273.1499938964844,273.1499938964844,26400.0,k2infra.NS,173.25,155.925,190.57500000000002,0
2024-08-22,172.8000030517578,174.0,170.39999389648438,171.50999450683594,171.50999450683594,233376.0,kalamandir.NS,244.89999389648438,220.40999450683594,269.38999328613284,0
2024-08-22,572.0,605.0,571.6500244140625,596.4000244140625,596.4000244140625,37054765.0,kalyankjil.NS,74.81171417236328,67.33054275512696,82.29288558959962,0
2024-08-22,41.0,41.5,39.599998474121094,40.849998474121094,40.849998474121094,60000.0,kandarp.NS,28.5,25.650000000000002,31.35,0
2024-08-22,202.60000610351562,202.60000610351562,202.60000610351562,202.60000610351562,202.60000610351562,1315.0,kapston.NS,48.13408660888672,43.32067794799805,52.947495269775395,0
2024-08-22,263.0,265.0,258.0,258.54998779296875,258.54998779296875,8000.0,karnika.NS,82.5999984741211,74.33999862670899,90.85999832153321,0
2024-08-22,5171.39990234375,5218.4501953125,4980.14990234375,5024.2998046875,5024.2998046875,160627.0,kaynes.NS,689.9500122070312,620.9550109863281,758.9450134277345,0
2024-08-22,285.0,304.95001220703125,285.0,294.0,294.0,29500.0,kceil.NS,239.39999389648438,215.45999450683595,263.3399932861328,0
2024-08-22,253.0,254.5,253.0,253.60000610351562,253.60000610351562,10000.0,kck.NS,30.25,27.225,33.275000000000006,0
2024-08-22,2298.050048828125,2298.050048828125,2298.050048828125,2298.050048828125,2298.050048828125,1000.0,kdl.NS,190.9499969482422,171.85499725341796,210.0449966430664,0
2024-08-22,145.0,147.0,140.8000030517578,145.60000610351562,145.60000610351562,15600.0,kel.NS,78.75,70.875,86.625,0
2024-08-22,1056.0,1057.0,1011.0999755859375,1015.9000244140625,1010.1500244140625,586078.0,kfintech.NS,361.7906188964844,325.61155700683594,397.96968078613287,0
2024-08-22,2435.14990234375,2474.85009765625,2425.449951171875,2442.0,2442.0,109404.0,kims.NS,996.9500122070312,897.2550109863281,1096.6450134277345,0
2024-08-22,123.25,125.8499984741211,120.6500015258789,122.3499984741211,122.3499984741211,49600.0,kll.NS,105.0,94.5,115.50000000000001,0
2024-08-22,258.1000061035156,258.1000061035156,234.35000610351562,255.6999969482422,255.6999969482422,127200.0,knagri.NS,226.8000030517578,204.12000274658203,249.48000335693362,0
2024-08-22,3679.0,3750.0,3580.0,3737.85009765625,3737.85009765625,6100.0,kodytech.NS,178.5,160.65,196.35000000000002,0
2024-08-22,176.5,178.0,173.5500030517578,176.0500030517578,176.0500030517578,31000.0,konstelec.NS,220.5,198.45000000000002,242.55,0
2024-08-22,169.0,176.14999389648438,169.0,176.14999389648438,176.14999389648438,34800.0,kontor.NS,115.9000015258789,104.31000137329102,127.49000167846681,0
2024-08-22,625.0,625.0,625.0,625.0,625.0,500.0,kore.NS,52.5,47.25,57.75000000000001,0
2024-08-22,875.0,923.0,868.5,916.6500244140625,916.6500244140625,32100.0,kotyark.NS,72.74369812011719,65.46932830810547,80.01806793212891,0
2024-08-22,335.20001220703125,353.6499938964844,335.0,353.6499938964844,353.6499938964844,83500.0,krishca.NS,112.9000015258789,101.61000137329101,124.19000167846681,0
2024-08-22,225.0,225.0,225.0,225.0,225.0,0.0,krishival.NS,74.99503326416016,67.49552993774414,82.49453659057617,0
2024-08-22,648.7999877929688,648.7999877929688,626.0,648.7999877929688,648.7999877929688,72000.0,krishnadef.NS,109.19999694824219,98.27999725341797,120.11999664306641,0
2024-08-22,18.969999313354492,19.350000381469727,18.809999465942383,19.020000457763672,19.020000457763672,744942.0,kritika.NS,3.845629930496216,3.4610669374465943,4.230192923545838,0
2024-08-22,156.5,157.16000366210938,151.0,151.75,151.25,174369.0,kronox.NS,158.79505920410156,142.91555328369142,174.67456512451173,1
2024-08-22,724.4500122070312,734.9500122070312,718.2000122070312,728.25,728.25,77109.0,krsnaa.NS,978.1121826171875,880.3009643554688,1075.9234008789062,0
2024-08-22,725.25,811.0,725.25,778.7999877929688,778.7999877929688,589307.0,krystal.NS,712.8499755859375,641.5649780273437,784.1349731445313,1
2024-08-22,6.449999809265137,6.449999809265137,6.25,6.289999961853027,6.289999961853027,442689.0,kshitijpol.NS,6.809999942779541,6.128999948501587,7.490999937057496,1
2024-08-22,1067.699951171875,1067.699951171875,1032.050048828125,1041.050048828125,1041.050048828125,42678.0,ksolves.NS,395.61376953125,356.052392578125,435.17514648437503,0
2024-08-22,40.95000076293945,44.20000076293945,36.20000076293945,36.29999923706055,36.29999923706055,2997000.0,ktl.NS,49.5,44.550000000000004,54.45,0
2024-08-22,137.4499969482422,137.4499969482422,131.25999450683594,132.52000427246094,132.52000427246094,30268.0,lagnam.NS,44.331661224365234,39.89849510192871,48.76482734680176,0
2024-08-22,588.75,619.0,586.5999755859375,613.0,613.0,194666.0,landmark.NS,457.1254577636719,411.4129119873047,502.8380035400391,0
2024-08-22,505.0,527.5,501.04998779296875,510.8999938964844,510.8999938964844,953675.0,latentview.NS,488.75,439.875,537.625,1
2024-08-22,18.760000228881836,18.760000228881836,18.760000228881836,18.760000228881836,18.760000228881836,45168.0,latteys.NS,40.95000076293945,36.85500068664551,45.0450008392334,0
2024-08-22,320.75,338.5,320.0,331.29998779296875,331.29998779296875,149000.0,lawsikho.NS,294.5,265.05,323.95000000000005,0
2024-08-22,37.099998474121094,38.0,35.5,36.189998626708984,36.189998626708984,241093.0,laxmicot.NS,26.350000381469727,23.715000343322753,28.9850004196167,0
2024-08-22,193.5,200.35000610351562,193.5,200.0,200.0,48000.0,lemerite.NS,73.3470230102539,66.01232070922852,80.68172531127931,0
2024-08-22,41.11000061035156,43.52000045776367,41.11000061035156,42.15999984741211,42.15999984741211,21860.0,lexus.NS,73.44999694824219,66.10499725341798,80.79499664306641,0
2024-08-22,268.45001220703125,276.29998779296875,268.45001220703125,276.29998779296875,276.29998779296875,594.0,lghl.NS,148.75,133.875,163.625,0
2024-08-22,1092.0,1092.0,1072.5,1075.5,1075.5,1019258.0,lici.NS,856.9566040039062,771.2609436035157,942.652264404297,0
2024-08-22,432.29998779296875,432.95001220703125,418.1000061035156,419.25,419.25,75798.0,likhitha.NS,67.09911346435547,60.38920211791992,73.80902481079102,0
2024-08-22,111.0,113.0,106.0999984741211,112.5,112.5,19000.0,lloyds.NS,42.900001525878906,38.61000137329102,47.1900016784668,0
2024-08-22,1245.0,1245.0,1215.1500244140625,1222.8499755859375,1222.8499755859375,482889.0,lodha.NS,231.90484619140625,208.71436157226563,255.0953308105469,0
2024-08-22,55.0,57.45000076293945,54.0,57.45000076293945,57.45000076293945,51000.0,lrrpl.NS,27.649999618530273,24.88499965667725,30.414999580383302,0
2024-08-22,273.5,286.8999938964844,273.5,283.0,283.0,5486148.0,lxchem.NS,162.71347045898438,146.44212341308594,178.98481750488284,0
2024-08-22,1447.949951171875,1447.949951171875,1370.0999755859375,1409.6500244140625,1409.6500244140625,8205.0,macpower.NS,52.510372161865234,47.25933494567871,57.76140937805176,0
2024-08-22,156.8000030517578,158.0,150.0,154.9499969482422,154.9499969482422,14400.0,madhavbaug.NS,175.60987854003906,158.04889068603515,193.17086639404297,0
2024-08-22,188.8000030517578,188.8000030517578,185.0,185.5,185.5,18000.0,madhusudan.NS,114.0,102.60000000000001,125.4,0
2024-08-22,94.0,94.0,94.0,94.0,94.0,2000.0,magson.NS,95.69999694824219,86.12999725341797,105.26999664306642,1
2024-08-22,252.0500030517578,252.0500030517578,233.0,252.0500030517578,252.0500030517578,101600.0,maitreya.NS,154.4499969482422,139.00499725341797,169.8949966430664,0
2024-08-22,49.25,53.95000076293945,49.0,53.95000076293945,53.95000076293945,18000.0,maks.NS,21.0,18.900000000000002,23.1,0
2024-08-22,41.0,41.349998474121094,40.650001525878906,41.29999923706055,41.29999923706055,56000.0,mal.NS,76.0,68.4,83.60000000000001,0
2024-08-22,58.650001525878906,58.650001525878906,55.04999923706055,58.20000076293945,58.20000076293945,14000.0,mandeep.NS,65.3499984741211,58.814998626708984,71.8849983215332,0
2024-08-22,2285.0,2339.0,2284.0,2319.60009765625,2319.60009765625,351352.0,mankind.NS,1422.300048828125,1280.0700439453126,1564.5300537109376,0
2024-08-22,1180.050048828125,1182.949951171875,1155.0,1170.0,1161.5,157665.0,manyavar.NS,916.5180053710938,824.8662048339844,1008.1698059082032,0
2024-08-22,2176.64990234375,2198.35009765625,2164.050048828125,2171.25,2171.25,59087.0,mapmyindia.NS,1384.9140625,1246.42265625,1523.4054687500002,0
2024-08-22,60.400001525878906,63.0,60.400001525878906,62.650001525878906,62.650001525878906,105000.0,marco.NS,40.599998474121094,36.539998626708986,44.65999832153321,0
2024-08-22,255.8000030517578,263.0,255.0,255.89999389648438,255.89999389648438,235277.0,marine.NS,38.096004486083984,34.286404037475585,41.905604934692384,0
2024-08-22,28.899999618530273,28.899999618530273,26.0,26.0,26.0,16000.0,marinetran.NS,31.0,27.900000000000002,34.1,0
2024-08-22,36.95000076293945,37.849998474121094,35.5,36.61000061035156,36.61000061035156,69692.0,marshall.NS,27.388795852661133,24.64991626739502,30.12767543792725,0
2024-08-22,136.0,150.0,134.5500030517578,147.10000610351562,147.10000610351562,244000.0,mason.NS,92.4000015258789,83.16000137329102,101.6400016784668,0
2024-08-22,357.54998779296875,357.54998779296875,357.54998779296875,357.54998779296875,357.54998779296875,1000.0,master.NS,140.1999969482422,126.17999725341797,154.21999664306642,0
2024-08-22,111.0,114.69999694824219,108.30000305175781,110.25,110.25,148000.0,maxposure.NS,137.75,123.97500000000001,151.525,0
2024-08-22,4568.2998046875,4630.39990234375,4450.0,4467.9501953125,4467.9501953125,2970068.0,mazdock.NS,158.27980041503906,142.45182037353516,174.10778045654297,0
2024-08-22,42.209999084472656,42.95000076293945,41.0,41.380001068115234,41.380001068115234,111100.0,mcl.NS,77.9000015258789,70.11000137329101,85.6900016784668,0
2024-08-22,188.0,188.0,179.5500030517578,184.0,184.0,15000.0,mcon.NS,50.400001525878906,45.36000137329102,55.4400016784668,0
2024-08-22,1083.300048828125,1085.0,1073.300048828125,1074.699951171875,1074.699951171875,225342.0,medanta.NS,414.1499938964844,372.73499450683596,455.56499328613285,0
2024-08-22,554.9000244140625,578.0,551.0499877929688,566.0,566.0,195383.0,mediassist.NS,464.1000061035156,417.69000549316405,510.51000671386726,0
2024-08-22,66.19999694824219,66.5,65.6500015258789,66.05000305175781,66.05000305175781,36000.0,mediorg.NS,144.6999969482422,130.22999725341796,159.1699966430664,0
2024-08-22,636.9500122070312,643.5999755859375,633.6500244140625,635.0,635.0,628060.0,medplus.NS,1121.1500244140625,1009.0350219726563,1233.265026855469,0
2024-08-22,35.70000076293945,35.70000076293945,35.70000076293945,35.70000076293945,35.70000076293945,0.0,megaflex.NS,56.70000076293945,51.03000068664551,62.370000839233406,0
2024-08-22,355.1000061035156,365.0,354.0,362.3999938964844,362.3999938964844,21600.0,megatherm.NS,207.89999389648438,187.10999450683593,228.68999328613282,0
2024-08-22,1384.9000244140625,1402.5,1363.6500244140625,1372.25,1372.25,86587.0,metrobrand.NS,488.1299133300781,439.3169219970703,536.942904663086,0
2024-08-22,26.290000915527344,26.290000915527344,25.350000381469727,25.639999389648438,25.639999389648438,83342.0,mgel.NS,9.31884765625,8.386962890625,10.250732421875,0
2024-08-22,41.79999923706055,43.45000076293945,41.79999923706055,42.900001525878906,42.900001525878906,20800.0,micropro.NS,76.0,68.4,83.60000000000001,0
2024-08-22,341.989990234375,342.0,339.4100036621094,340.760009765625,340.760009765625,198500.0,mindspace.NS,243.8705596923828,219.48350372314454,268.2576156616211,0
2024-08-22,2.0899999141693115,2.0899999141693115,2.049999952316284,2.059999942779541,2.059999942779541,1052461.0,mittal.NS,8.801398277282715,7.921258449554443,9.681538105010986,0
2024-08-22,10.609999656677246,10.609999656677246,10.5,10.609999656677246,10.609999656677246,46739.0,mkpl.NS,21.056665420532227,18.950998878479005,23.16233196258545,0
2024-08-22,417.0,417.95001220703125,401.25,408.0,408.0,162498.0,mmp.NS,107.57626342773438,96.81863708496094,118.33388977050782,0
2024-08-22,21.329999923706055,21.489999771118164,20.209999084472656,20.389999389648438,20.389999389648438,396124.0,moksh.NS,13.431459426879883,12.088313484191895,14.774605369567873,0
2024-08-22,38.0,38.5,38.0,38.5,38.5,48000.0,monopharma.NS,30.450000762939453,27.405000686645508,33.4950008392334,0
2024-08-22,197.0,198.5,194.1999969482422,195.10000610351562,195.10000610351562,59200.0,mos.NS,94.5,85.05,103.95,0
2024-08-22,190.0,194.0500030517578,189.0,189.9199981689453,189.9199981689453,1118394.0,motisons.NS,103.55000305175781,93.19500274658203,113.9050033569336,0
2024-08-22,162.4499969482422,162.4499969482422,162.4499969482422,162.4499969482422,162.4499969482422,0.0,moxsh.NS,127.8499984741211,115.06499862670898,140.6349983215332,0
2024-08-22,1757.0,1779.8499755859375,1750.0,1755.4000244140625,1755.4000244140625,92231.0,mtartech.NS,1078.625,970.7625,1186.4875000000002,0
2024-08-22,196.10000610351562,207.11000061035156,194.2899932861328,202.19000244140625,202.19000244140625,1481288.0,mufti.NS,311.3981018066406,280.2582916259766,342.5379119873047,0
2024-08-22,49.09000015258789,49.279998779296875,48.220001220703125,48.5099983215332,48.5099983215332,948007.0,mukka.NS,42.25,38.025,46.475,0
2024-08-22,223.64999389648438,226.89999389648438,223.0,225.94000244140625,225.94000244140625,427574.0,muthootmf.NS,266.1499938964844,239.53499450683594,292.76499328613284,0
2024-08-22,242.89999389648438,258.0,242.89999389648438,248.19000244140625,248.19000244140625,249172.0,mvgjl.NS,215.5,193.95000000000002,237.05,0
2024-08-22,53.099998474121094,53.5,52.650001525878906,53.04999923706055,53.04999923706055,18000.0,mvkagro.NS,82.94999694824219,74.65499725341797,91.24499664306641,0
2024-08-22,134.0,136.89999389648438,132.14999389648438,133.3000030517578,133.3000030517578,19200.0,mwl.NS,116.29984283447266,104.6698585510254,127.92982711791993,0
2024-08-22,215.0,233.64999389648438,212.60000610351562,233.64999389648438,233.64999389648438,192000.0,naman.NS,118.75,106.875,130.625,0
2024-08-22,24.0,24.25,22.469999313354492,23.0,23.0,70449.0,narmada.NS,25.75,23.175,28.325000000000003,0
2024-08-22,970.5,976.4500122070312,946.0999755859375,951.7999877929688,951.7999877929688,358350.0,nazara.NS,796.0,716.4,875.6,0
2024-08-22,279.45001220703125,283.0,260.0,265.25,265.25,160000.0,nephrocare.NS,179.5500030517578,161.59500274658203,197.5050033569336,0
2024-08-22,2515.0,2556.0,2475.0,2487.5,2487.5,65696.0,netweb.NS,909.5968627929688,818.6371765136719,1000.5565490722657,0
2024-08-22,140.0,146.89999389648438,132.39999389648438,139.39999389648438,139.39999389648438,81000.0,newjaisa.NS,70.80000305175781,63.72000274658203,77.8800033569336,0
2024-08-22,33.849998474121094,34.45000076293945,33.54999923706055,33.900001525878906,33.900001525878906,10000.0,nidan.NS,66.94999694824219,60.25499725341797,73.6449966430664,0
2024-08-22,441.8999938964844,441.8999938964844,439.79998779296875,441.8999938964844,441.8999938964844,25800.0,nirman.NS,101.30000305175781,91.17000274658203,111.4300033569336,0
2024-08-22,220.5500030517578,225.9499969482422,215.10000610351562,215.10000610351562,215.10000610351562,31268.0,nitiraj.NS,43.20000076293945,38.88000068664551,47.520000839233404,0
2024-08-22,76.68000030517578,79.48999786376953,76.68000030517578,78.63999938964844,78.63999938964844,469679.0,novaagri.NS,57.75,51.975,63.525000000000006,0
2024-08-22,2958.0,3049.449951171875,2935.60009765625,3041.35009765625,3041.35009765625,31700.0,npst.NS,24.200000762939453,21.780000686645508,26.620000839233402,0
2024-08-22,90.0,90.5,86.33999633789062,86.94000244140625,86.94000244140625,129843.0,nrl.NS,40.07575607299805,36.06818046569824,44.08333168029785,0
2024-08-22,274.8999938964844,279.75,272.54998779296875,277.75,277.75,26755.0,nureca.NS,642.7951049804688,578.5155944824219,707.0746154785157,0
2024-08-22,341.8999938964844,353.0,341.8999938964844,344.95001220703125,344.95001220703125,295677.0,nuvoco.NS,531.7000122070312,478.53001098632814,584.8700134277344,0
2024-08-22,138.0500030517578,139.1999969482422,137.5,139.0399932861328,139.0399932861328,601306.0,nxst.NS,97.23583984375,87.512255859375,106.95942382812501,0
2024-08-22,139.0,139.0,126.05000305175781,131.32000732421875,131.32000732421875,107214397.0,olaelec.NS,91.19999694824219,82.07999725341797,100.31999664306642,0
2024-08-22,84.0,84.19999694824219,81.0999984741211,81.0999984741211,81.0999984741211,8400.0,olil.NS,133.0,119.7,146.3,0
2024-08-22,507.79998779296875,530.0,496.1000061035156,500.0,500.0,24600.0,ondoor.NS,203.39999389648438,183.05999450683595,223.73999328613283,0
2024-08-22,2290.0,2290.5,2201.050048828125,2216.050048828125,2216.050048828125,52050.0,oriana.NS,317.1000061035156,285.3900054931641,348.8100067138672,0
2024-08-22,30.059999465942383,30.059999465942383,30.059999465942383,30.059999465942383,30.059999465942383,212388.0,osiahyper.NS,32.55500030517578,29.299500274658204,35.81050033569336,1
2024-08-22,30.200000762939453,35.599998474121094,28.709999084472656,34.75,34.75,7324783.0,oswalseeds.NS,64.08333587646484,57.67500228881836,70.49166946411134,0
2024-08-22,1554.0,1556.949951171875,1498.0,1520.0999755859375,1520.0999755859375,60800.0,owais.NS,262.5,236.25,288.75,0
2024-08-22,160.5800018310547,160.5800018310547,160.5800018310547,160.5800018310547,160.5800018310547,4508.0,panache.NS,54.316680908203125,48.885012817382815,59.74834899902344,0
2024-08-22,130.60000610351562,130.60000610351562,125.0999984741211,127.36000061035156,127.36000061035156,1989.0,pansari.NS,55.0,49.5,60.50000000000001,0
2024-08-22,238.39999389648438,243.0,236.16000366210938,238.57000732421875,238.57000732421875,14029.0,par.NS,141.9475860595703,127.75282745361328,156.14234466552736,0
2024-08-22,88.4000015258789,92.75,88.19999694824219,89.2699966430664,89.2699966430664,8075696.0,paradeep.NS,43.59128189086914,39.23215370178223,47.95041007995606,0
2024-08-22,145.3000030517578,146.6999969482422,142.1999969482422,145.0,145.0,20400.0,paragon.NS,213.75,192.375,235.12500000000003,0
2024-08-22,1282.0,1294.550048828125,1266.5999755859375,1294.550048828125,1294.550048828125,159965.0,paras.NS,492.45001220703125,443.20501098632815,541.6950134277345,0
2024-08-22,181.5500030517578,182.30999755859375,179.0,180.4199981689453,180.4199981689453,156267.0,parkhotels.NS,203.5500030517578,183.19500274658205,223.9050033569336,0
2024-08-22,120.1500015258789,120.1500015258789,114.0,116.94999694824219,116.94999694824219,20000.0,partycrus.NS,19.5,17.55,21.450000000000003,0
2024-08-22,99.69999694824219,99.69999694824219,99.69999694824219,99.69999694824219,99.69999694824219,0.0,pattech.NS,57.75,51.975,63.525000000000006,0
2024-08-22,415.95001220703125,427.04998779296875,415.95001220703125,420.3500061035156,420.3500061035156,2934.0,pavnaind.NS,82.51476287841797,74.26328659057617,90.76623916625978,0
2024-08-22,584.0,604.7000122070312,538.3499755859375,553.7000122070312,553.7000122070312,21141552.0,paytm.NS,1560.800048828125,1404.7200439453125,1716.8800537109375,0
2024-08-22,268.0,321.5,265.25,317.45001220703125,317.45001220703125,413600.0,pccl.NS,315.0,283.5,346.5,1
2024-08-22,1004.6500244140625,1040.050048828125,997.5,1037.449951171875,1037.449951171875,2052435.0,pel.NS,956.6300659179688,860.9670593261719,1052.2930725097658,1
2024-08-22,115.0999984741211,116.0,115.0,115.0,115.0,13000.0,pentagon.NS,123.5,111.15,135.85000000000002,1
2024-08-22,93.19000244140625,93.19000244140625,92.95999908447266,92.98999786376953,92.98999786376953,1020152.0,pginvit.NS,72.5732421875,65.31591796875,79.83056640625,0
2024-08-22,395.54998779296875,405.0,391.25,392.95001220703125,392.95001220703125,45300.0,phantomfx.NS,312.70001220703125,281.4300109863281,343.9700134277344,0
2024-08-22,26.100000381469727,28.200000762939453,26.100000381469727,28.200000762939453,28.200000762939453,12000.0,pladainfo.NS,56.04999923706055,50.444999313354494,61.65499916076661,0
2024-08-22,413.0,431.0,407.20001220703125,417.25,417.25,2302629.0,platind.NS,221.1999969482422,199.079997253418,243.31999664306642,0
2024-08-22,90.0,90.5,88.30000305175781,89.37999725341797,89.37999725341797,101054.0,plazacable.NS,80.19999694824219,72.17999725341797,88.21999664306641,0
2024-08-22,1685.0,1706.0,1656.949951171875,1696.050048828125,1696.050048828125,645564.0,policybzr.NS,1202.300048828125,1082.0700439453126,1322.5300537109376,0
2024-08-22,33.0,33.0,32.0,32.849998474121094,32.849998474121094,8000.0,polysil.NS,54.25,48.825,59.675000000000004,0
2024-08-22,152.10000610351562,152.10000610351562,152.0,152.10000610351562,152.10000610351562,106000.0,pramara.NS,116.55000305175781,104.89500274658204,128.20500335693362,0
2024-08-22,275.95001220703125,277.70001220703125,271.0,277.70001220703125,277.70001220703125,115200.0,pratham.NS,118.94999694824219,107.05499725341797,130.84499664306642,0
2024-08-22,51.75,51.75,51.0,51.099998474121094,51.099998474121094,18000.0,precision.NS,48.900001525878906,44.01000137329102,53.7900016784668,1
2024-08-22,120.0,123.94999694824219,119.0,119.6500015258789,119.6500015258789,41600.0,presstonic.NS,147.0,132.3,161.70000000000002,0
2024-08-22,143.9499969482422,169.0,142.5,164.86000061035156,164.86000061035156,291949.0,priti.NS,69.05000305175781,62.14500274658203,75.9550033569336,0
2024-08-22,130.1999969482422,130.1999969482422,130.1999969482422,130.1999969482422,130.1999969482422,22000.0,pritika.NS,44.29999923706055,39.86999931335449,48.7299991607666,0
2024-08-22,162.0,163.8000030517578,146.25,149.3000030517578,149.3000030517578,296000.0,prizor.NS,173.5500030517578,156.19500274658205,190.9050033569336,0
2024-08-22,138.25,138.4499969482422,133.0,133.60000610351562,133.60000610351562,152000.0,prlind.NS,91.3499984741211,82.21499862670899,100.48499832153321,0
2024-08-22,1690.0,1690.0,1690.0,1690.0,1690.0,0.0,prov.NS,862.0499877929688,775.8449890136719,948.2549865722657,0
2024-08-22,2430.949951171875,2464.75,2376.300048828125,2401.199951171875,2401.199951171875,43312.0,prudent.NS,560.220947265625,504.1988525390625,616.2430419921875,0
2024-08-22,161.25,162.0,159.25,159.25,159.25,11200.0,purvflexi.NS,247.0,222.3,271.70000000000005,0
2024-08-22,230.0,235.0,228.0,229.32000732421875,229.32000732421875,46038.0,pvsl.NS,276.1499938964844,248.53499450683594,303.76499328613284,0
2024-08-22,182.85000610351562,188.89999389648438,182.85000610351562,185.83999633789062,185.83999633789062,100276.0,pyramid.NS,177.64999389648438,159.88499450683594,195.41499328613284,1
2024-08-22,105.94999694824219,106.5999984741211,105.0,105.0,105.0,4000.0,qfil.NS,97.69999694824219,87.92999725341797,107.46999664306641,1
2024-08-22,118.9000015258789,124.0,117.30000305175781,123.9000015258789,123.9000015258789,56000.0,qmsmedi.NS,133.89813232421875,120.50831909179688,147.28794555664064,1
2024-08-22,6.400000095367432,6.449999809265137,6.400000095367432,6.449999809265137,6.449999809265137,36000.0,quadpro.NS,9.199999809265137,8.279999828338623,10.11999979019165,0
2024-08-22,134.25,134.25,131.10000610351562,133.0,133.0,10800.0,questlab.NS,147.35000610351562,132.61500549316406,162.0850067138672,1
2024-08-22,161.5,163.85000610351562,158.60000610351562,160.10000610351562,160.10000610351562,12000.0,quicktouch.NS,96.5999984741211,86.93999862670898,106.25999832153322,0
2024-08-22,87.0,89.41000366210938,86.04000091552734,87.08000183105469,87.08000183105469,342666.0,radiantcms.NS,101.70294952392578,91.5326545715332,111.87324447631836,0
2024-08-22,15.180000305175781,15.539999961853027,15.180000305175781,15.359999656677246,15.359999656677246,400691.0,radiocity.NS,11.25,10.125,12.375000000000002,0
2024-08-22,123.0,127.94999694824219,123.0,126.94999694824219,126.94999694824219,4800.0,radiowalla.NS,126.1500015258789,113.53500137329102,138.7650016784668,1
2024-08-22,471.45001220703125,477.70001220703125,465.6499938964844,471.70001220703125,471.70001220703125,1347859.0,railtel.NS,113.55069732666016,102.19562759399415,124.90576705932618,0
2024-08-22,1209.0,1219.6500244140625,1200.4000244140625,1212.550048828125,1212.550048828125,239794.0,rainbow.NS,446.1391296386719,401.5252166748047,490.7530426025391,0
2024-08-22,12.649999618530273,12.800000190734863,12.460000038146973,12.550000190734863,12.550000190734863,1191416.0,rajmet.NS,1.6520295143127441,1.4868265628814699,1.8172324657440186,0
2024-08-22,721.75,748.0,721.5999755859375,729.0,729.0,395840.0,rategain.NS,340.04998779296875,306.0449890136719,374.05498657226565,0
2024-08-22,179.99000549316406,184.0,179.05999755859375,180.07000732421875,180.07000732421875,186751.0,ratnaveer.NS,129.35000610351562,116.41500549316406,142.2850067138672,0
2024-08-22,821.7000122070312,821.7000122070312,751.0499877929688,777.9000244140625,777.9000244140625,232000.0,rbminfra.NS,55.099998474121094,49.58999862670898,60.609998321533205,0
2024-08-22,104.0,104.75,100.5,101.4000015258789,101.4000015258789,123200.0,rbs.NS,117.5999984741211,105.83999862670899,129.35999832153323,0
2024-08-22,151.52000427246094,151.52000427246094,151.52000427246094,151.52000427246094,151.52000427246094,11302.0,rbzjewel.NS,105.0,94.5,115.50000000000001,0
2024-08-22,34.5,34.5,33.25,34.20000076293945,34.20000076293945,12000.0,rcdl.NS,61.099998474121094,54.98999862670899,67.2099983215332,0
2024-08-22,178.0,185.0,175.0,185.0,185.0,40000.0,refractory.NS,78.75,70.875,86.625,0
2024-08-22,86.87000274658203,86.87000274658203,86.87000274658203,86.87000274658203,86.87000274658203,5257.0,reliable.NS,53.650001525878906,48.28500137329102,59.0150016784668,0
2024-08-22,2591.800048828125,2764.0,2591.800048828125,2719.800048828125,2719.800048828125,10500.0,remus.NS,1796.172607421875,1616.5553466796875,1975.7898681640627,0
2024-08-22,178.0,186.88999938964844,175.52999877929688,182.80999755859375,182.80999755859375,56660.0,repl.NS,99.65507507324219,89.68956756591797,109.62058258056642,0
2024-08-22,83.0,85.0,83.0,85.0,85.0,4000.0,rexpipes.NS,61.29999923706055,55.169999313354495,67.42999916076661,0
2024-08-22,64.4000015258789,64.4000015258789,64.4000015258789,64.4000015258789,64.4000015258789,18700.0,rilinfra.NS,212.5,191.25,233.75000000000003,0
2024-08-22,378.8999938964844,378.8999938964844,369.3999938964844,370.25,370.25,117558.0,rishabh.NS,443.1499938964844,398.8349945068359,487.4649932861328,0
2024-08-22,44.0,44.95000076293945,43.0,43.04999923706055,43.04999923706055,24000.0,ritezone.NS,91.25,82.125,100.37500000000001,0
2024-08-22,118.80999755859375,119.1500015258789,118.80999755859375,118.80999755859375,118.80999755859375,31766.0,rkec.NS,41.34129333496094,37.20716400146485,45.475422668457036,0
2024-08-22,260.3999938964844,272.45001220703125,260.3999938964844,268.70001220703125,268.70001220703125,182372.0,rkswamy.NS,260.712158203125,234.6409423828125,286.78337402343755,1
2024-08-22,674.9000244140625,677.7999877929688,660.0,676.5499877929688,676.5499877929688,57750.0,rockingdce.NS,315.0,283.5,346.5,0
2024-08-22,2343.949951171875,2499.0,2343.949951171875,2413.449951171875,2413.449951171875,43670.0,rolexrings.NS,1167.0,1050.3,1283.7,0
2024-08-22,919.0,927.0,904.8499755859375,907.0,907.0,72089.0,rossari.NS,740.02294921875,666.020654296875,814.0252441406251,0
2024-08-22,1578.699951171875,1589.6500244140625,1562.4000244140625,1567.699951171875,1567.699951171875,70499.0,route.NS,638.5731811523438,574.7158630371094,702.4304992675782,0
2024-08-22,131.1999969482422,134.5,127.19999694824219,127.5999984741211,127.5999984741211,65600.0,roxhitech.NS,141.75,127.575,155.925,1
2024-08-22,433.8999938964844,447.95001220703125,431.1000061035156,433.25,432.25,779060.0,rptech.NS,319.9346008300781,287.94114074707034,351.928060913086,0
2024-08-22,1663.199951171875,1663.199951171875,1625.25,1631.0,1631.0,59252.0,rrkabel.NS,1193.809326171875,1074.4283935546875,1313.1902587890627,0
2024-08-22,485.5,486.0,463.0,473.0,473.0,44400.0,rulka.NS,498.75,448.875,548.625,1
2024-08-22,740.9000244140625,764.7999877929688,740.0499877929688,756.8499755859375,756.8499755859375,75835.0,rustomjee.NS,556.8499755859375,501.16497802734375,612.5349731445312,0
2024-08-22,255.0,257.0,251.5,251.60000610351562,251.60000610351562,14400.0,saakshi.NS,153.3000030517578,137.97000274658203,168.6300033569336,0
2024-08-22,23.100000381469727,24.0,22.5,23.5,23.5,65000.0,sabar.NS,22.049999237060547,19.844999313354492,24.254999160766605,1
2024-08-22,209.60000610351562,209.60000610351562,204.5500030517578,204.89999389648438,204.89999389648438,44400.0,sadhav.NS,141.75,127.575,155.925,0
2024-08-22,79.30999755859375,80.98999786376953,78.9000015258789,79.55999755859375,79.55999755859375,57768.0,sah.NS,88.78828430175781,79.90945587158204,97.6671127319336,0
2024-08-22,18.5,19.5,18.5,19.5,19.5,16000.0,sahaj.NS,30.350000381469727,27.315000343322755,33.3850004196167,0
2024-08-22,640.5499877929688,705.0,640.5499877929688,683.5499877929688,683.5499877929688,211200.0,sahajsolar.NS,359.1000061035156,323.19000549316405,395.0100067138672,0
2024-08-22,1489.9000244140625,1489.9000244140625,1440.0,1475.0,1475.0,13250.0,sahana.NS,171.14999389648438,154.03499450683594,188.26499328613284,0
2024-08-22,89.5999984741211,89.5999984741211,88.0,89.05000305175781,89.05000305175781,37600.0,saifl.NS,171.0,153.9,188.10000000000002,0
2024-08-22,208.39999389648438,213.39999389648438,205.99000549316406,211.86000061035156,211.86000061035156,2748543.0,samhi.NS,143.39999389648438,129.05999450683595,157.73999328613283,0
2024-08-22,42.0,42.650001525878906,41.5,42.5,42.5,12000.0,sangani.NS,41.849998474121094,37.664998626708986,46.03499832153321,1
2024-08-22,1500.0,1539.449951171875,1484.4000244140625,1522.0999755859375,1522.0999755859375,147568.0,sansera.NS,814.2268676757812,732.8041809082032,895.6495544433594,0
2024-08-22,139.25,144.0,135.67999267578125,136.8000030517578,136.8000030517578,6283655.0,sanstar.NS,115.06999969482422,103.5629997253418,126.57699966430665,0
2024-08-22,1600.0,1643.0,1600.0,1608.9000244140625,1608.9000244140625,149604.0,sapphire.NS,1211.550048828125,1090.3950439453126,1332.7050537109376,0
2024-08-22,48.25,48.25,48.25,48.25,48.25,0.0,saroja.NS,68.25,61.425000000000004,75.075,0
2024-08-22,250.8000030517578,273.1499938964844,250.8000030517578,273.1499938964844,273.1499938964844,725000.0,sartele.NS,110.25,99.22500000000001,121.275,0
2024-08-22,8.899999618530273,8.979999542236328,8.850000381469727,8.859999656677246,8.859999656677246,2107886.0,sarveshwar.NS,2.85166597366333,2.566499376296997,3.136832571029663,0
2024-08-22,206.0500030517578,207.0,199.0,203.25,203.25,20000.0,satipoly.NS,259.3500061035156,233.41500549316407,285.28500671386723,0
2024-08-22,86.19999694824219,87.80000305175781,86.19999694824219,86.5999984741211,86.5999984741211,1691678.0,sbfc.NS,92.19999694824219,82.97999725341798,101.41999664306641,1
2024-08-22,713.0,717.0,708.0999755859375,714.4500122070312,714.4500122070312,1708458.0,sbicard.NS,673.322265625,605.9900390625,740.6544921875001,1
2024-08-22,122.80000305175781,122.80000305175781,122.80000305175781,122.80000305175781,122.80000305175781,2000.0,scml.NS,65.05000305175781,58.545002746582036,71.5550033569336,0
2024-08-22,6.139999866485596,6.239999771118164,6.0,6.010000228881836,6.010000228881836,175484.0,securcred.NS,18.149999618530273,16.334999656677248,19.964999580383303,0
2024-08-22,838.0,843.5499877929688,763.25,843.5499877929688,843.5499877929688,28000.0,sel.NS,262.3500061035156,236.11500549316406,288.5850067138672,0
2024-08-22,1095.5999755859375,1110.0,1081.5,1097.050048828125,1097.050048828125,241738.0,senco.NS,404.7215270996094,364.24937438964844,445.19367980957037,0
2024-08-22,69.4000015258789,79.0,69.4000015258789,72.75,72.75,238000.0,service.NS,66.39427947998047,59.754851531982425,73.03370742797853,1
2024-08-22,137.5,138.6999969482422,133.5,133.88999938964844,133.88999938964844,1538269.0,servotech.NS,4.930780410766602,4.437702369689942,5.423858451843262,0
2024-08-22,64.8499984741211,64.8499984741211,64.8499984741211,64.8499984741211,64.8499984741211,0.0,shanthala.NS,103.55000305175781,93.19500274658203,113.9050033569336,0
2024-08-22,15.100000381469727,15.59000015258789,14.630000114440918,15.239999771118164,15.239999771118164,3095.0,shanti.NS,21.899999618530273,19.709999656677248,24.089999580383303,0
2024-08-22,58.0,63.70000076293945,58.0,63.099998474121094,63.099998474121094,60000.0,sheetal.NS,75.4000015258789,67.86000137329101,82.9400016784668,0
2024-08-22,176.0,176.0,165.0500030517578,170.39999389648438,170.39999389648438,92000.0,shera.NS,67.30000305175781,60.570002746582034,74.0300033569336,0
2024-08-22,101.0999984741211,105.0,101.0999984741211,103.25,103.25,6000.0,shigan.NS,107.25,96.525,117.97500000000001,1
2024-08-22,140.0,140.77999877929688,130.0,140.75999450683594,140.75999450683594,28547.0,shradha.NS,18.418787002563477,16.576908302307128,20.260665702819825,0
2024-08-22,745.0,746.0,740.0,746.0,746.0,2400.0,shreekarni.NS,273.0,245.70000000000002,300.3,0
2024-08-22,173.75,208.60000610351562,173.75,203.10000610351562,203.10000610351562,336000.0,shreeosfm.NS,68.25,61.425000000000004,75.075,0
2024-08-22,124.69999694824219,131.8000030517578,124.0,126.69000244140625,126.69000244140625,17859512.0,shrirampps.NS,99.5999984741211,89.63999862670899,109.55999832153321,0
2024-08-22,70.19999694824219,70.19999694824219,70.0,70.0,70.0,4000.0,shritech.NS,85.19999694824219,76.67999725341797,93.71999664306641,0
2024-08-22,816.0,844.5,801.75,810.2000122070312,810.2000122070312,13837994.0,shyammetl.NS,355.2354431152344,319.71189880371094,390.75898742675787,0
2024-08-22,135.1999969482422,135.1999969482422,135.0,135.1999969482422,135.1999969482422,33000.0,siddhika.NS,24.307369232177734,21.876632308959962,26.73810615539551,0
2024-08-22,62.470001220703125,62.79999923706055,61.599998474121094,62.13999938964844,62.13999938964844,825208.0,sigachi.NS,59.44792175292969,53.50312957763672,65.39271392822266,1
2024-08-22,404.0,404.0,386.0,390.20001220703125,390.20001220703125,9224.0,sigma.NS,301.6095886230469,271.4486297607422,331.7705474853516,0
2024-08-22,1511.0,1518.0,1461.8499755859375,1510.550048828125,1510.550048828125,606551.0,signature.NS,458.54998779296875,412.6949890136719,504.40498657226567,0
2024-08-22,125.0,130.8000030517578,125.0,130.8000030517578,130.8000030517578,4000.0,signoria.NS,137.5500030517578,123.79500274658203,151.3050033569336,1
2024-08-22,114.94999694824219,114.94999694824219,110.55000305175781,113.43000030517578,113.43000030517578,18939.0,sikko.NS,25.696517944335938,23.126866149902344,28.266169738769534,0
2024-08-22,35.36000061035156,36.20000076293945,34.5,34.90999984741211,34.90999984741211,47421.0,silgo.NS,46.11428451538086,41.50285606384278,50.72571296691895,0
2024-08-22,82.0,83.0,82.0,83.0,83.0,14000.0,silkflex.NS,58.70000076293945,52.83000068664551,64.5700008392334,0
2024-08-22,23.0,23.940000534057617,22.5,23.829999923706055,23.829999923706055,141880.0,sillymonks.NS,26.33487319946289,23.701385879516604,28.96836051940918,1
2024-08-22,747.0,761.9500122070312,737.9500122070312,751.5999755859375,751.5999755859375,22503.0,silvertuc.NS,266.8114318847656,240.13028869628906,293.4925750732422,0
2024-08-22,130.1999969482422,131.97000122070312,129.0,129.58999633789062,129.58999633789062,114182.0,sintercom.NS,83.05000305175781,74.74500274658203,91.35500335693361,0
2024-08-22,599.0,599.0,568.0,569.0,569.0,17500.0,sjlogistic.NS,183.75,165.375,202.12500000000003,0
2024-08-22,211.5,236.0,211.5,230.14999389648438,229.04998779296875,50500.0,skp.NS,95.71690368652344,86.1452133178711,105.28859405517579,0
2024-08-22,154.0,154.0,147.0500030517578,154.0,154.0,35200.0,slone.NS,112.5999984741211,101.33999862670899,123.85999832153321,0
2024-08-22,385.0,399.8999938964844,374.04998779296875,386.45001220703125,386.45001220703125,17726.0,softtech.NS,127.9000015258789,115.11000137329101,140.6900016784668,0
2024-08-22,684.9000244140625,695.4500122070312,684.2999877929688,689.9500122070312,689.9500122070312,783372.0,sonacoms.NS,354.3987121582031,318.95884094238284,389.8385833740235,0
2024-08-22,180.10000610351562,193.0,180.0,190.14999389648438,190.14999389648438,64000.0,sonamac.NS,131.25,118.125,144.375,0
2024-08-22,60.599998474121094,60.599998474121094,60.599998474121094,60.599998474121094,60.599998474121094,0.0,sonuinfra.NS,23.600000381469727,21.240000343322755,25.9600004196167,0
2024-08-22,145.9499969482422,145.9499969482422,145.9499969482422,145.9499969482422,145.9499969482422,0.0,sotac.NS,120.75,108.675,132.82500000000002,0
2024-08-22,275.20001220703125,281.5,270.0,272.20001220703125,272.20001220703125,69600.0,spcl.NS,326.54998779296875,293.8949890136719,359.2049865722657,0
2024-08-22,109.0999984741211,114.6500015258789,108.1500015258789,114.0,114.0,47200.0,spectstm.NS,147.25,132.525,161.97500000000002,0
2024-08-22,239.5,248.0,239.0,247.10000610351562,247.10000610351562,68800.0,sprl.NS,84.0,75.60000000000001,92.4,0
2024-08-22,102.5,103.80000305175781,101.30000305175781,102.1500015258789,102.1500015258789,20000.0,srivasavi.NS,42.0,37.800000000000004,46.2,0
2024-08-22,278.8999938964844,284.0,270.1000061035156,276.5,276.5,42971.0,srm.NS,226.0,203.4,248.60000000000002,0
2024-08-22,1.0199999809265137,1.0399999618530273,1.0099999904632568,1.0099999904632568,1.0099999904632568,1153385.0,srpl.NS,3.944999933242798,3.550499939918518,4.339499926567078,0
2024-08-22,187.5500030517578,194.39999389648438,185.3300018310547,185.3300018310547,185.3300018310547,747271.0,ssdl.NS,203.6999969482422,183.329997253418,224.06999664306642,1
2024-08-22,290.1000061035156,293.0,280.0,293.0,293.0,5000.0,ssfl.NS,106.55000305175781,95.89500274658204,117.2050033569336,0
2024-08-22,536.4000244140625,546.2999877929688,530.0999755859375,532.75,532.75,238605.0,stanley.NS,474.75,427.27500000000003,522.225,0
2024-08-22,603.3499755859375,622.4000244140625,603.3499755859375,609.7999877929688,609.7999877929688,2134000.0,starhealth.NS,906.8499755859375,816.1649780273438,997.5349731445314,0
2024-08-22,764.0,776.25,755.5,764.7999877929688,764.7999877929688,96515.0,stovekraft.NS,452.29998779296875,407.0699890136719,497.52998657226567,0
2024-08-22,488.6499938964844,490.29998779296875,481.1499938964844,483.29998779296875,483.29998779296875,317300.0,sula.NS,322.12310791015625,289.9107971191406,354.33541870117193,0
2024-08-22,60.5,60.5,60.5,60.5,60.5,0.0,sunrest.NS,79.80000305175781,71.82000274658203,87.7800033569336,0
2024-08-22,2.4800000190734863,2.4800000190734863,2.4800000190734863,2.4800000190734863,2.4800000190734863,1737905.0,supremeeng.NS,2.5450000762939453,2.2905000686645507,2.79950008392334,1
2024-08-22,267.0,273.5,260.79998779296875,271.6000061035156,271.6000061035156,60000.0,supremepwr.NS,102.9000015258789,92.61000137329101,113.1900016784668,0
2024-08-22,559.2000122070312,563.9500122070312,540.0,547.25,547.25,334429.0,supriya.NS,389.3890380859375,350.45013427734375,428.3279418945313,0
2024-08-22,807.0,807.0,788.0,795.5,795.5,38791.0,surajest.NS,334.5,301.05,367.95000000000005,0
2024-08-22,200.0,201.0,194.0,197.97999572753906,197.97999572753906,588418.0,suryoday.NS,277.79998779296875,250.01998901367188,305.5799865722656,0
2024-08-22,5.349999904632568,5.369999885559082,5.119999885559082,5.230000019073486,5.230000019073486,153969.0,suuld.NS,30.610576629638672,27.549518966674807,33.67163429260254,0
2024-08-22,216.52000427246094,225.0,215.0,216.5399932861328,216.5399932861328,5360.0,svll.NS,144.3000030517578,129.87000274658203,158.7300033569336,0
2024-08-22,313.54998779296875,320.0,313.54998779296875,315.0,315.0,12000.0,swaraj.NS,27.575000762939453,24.81750068664551,30.3325008392334,0
2024-08-22,63.099998474121094,72.30000305175781,62.54999923706055,70.9000015258789,70.9000015258789,218400.0,swastik.NS,69.30000305175781,62.37000274658203,76.2300033569336,1
2024-08-22,110.4000015258789,112.94999694824219,109.1500015258789,110.05000305175781,110.05000305175781,38000.0,sylvanply.NS,69.30000305175781,62.37000274658203,76.2300033569336,0
2024-08-22,101.0999984741211,114.69999694824219,101.0999984741211,113.30000305175781,113.30000305175781,47400.0,synoptics.NS,226.10000610351562,203.49000549316406,248.71000671386722,0
2024-08-22,443.25,446.95001220703125,437.6499938964844,439.1499938964844,439.1499938964844,280853.0,syrma.NS,309.6374206542969,278.6736785888672,340.6011627197266,0
2024-08-22,244.1999969482422,249.89999389648438,244.1999969482422,246.75,246.75,19600.0,systango.NS,102.9000015258789,92.61000137329101,113.1900016784668,0
2024-08-22,683.4000244140625,737.0499877929688,682.5,737.0499877929688,737.0499877929688,118800.0,tac.NS,304.5,274.05,334.95000000000005,0
2024-08-22,125.0,132.60000610351562,121.25,131.0500030517578,131.0500030517578,26250.0,tapifruit.NS,57.400001525878906,51.66000137329102,63.1400016784668,0
2024-08-22,459.8500061035156,462.8999938964844,455.45001220703125,458.79998779296875,458.79998779296875,52568.0,tarsons.NS,818.4000244140625,736.5600219726563,900.2400268554688,0
2024-08-22,1036.5,1045.0,1002.4000244140625,1007.2000122070312,1007.2000122070312,3583853.0,tatatech.NS,1300.5377197265625,1170.4839477539062,1430.591491699219,0
2024-08-22,1040.0,1046.0999755859375,1018.0,1027.8499755859375,1027.8499755859375,57887.0,tatva.NS,2307.53662109375,2076.782958984375,2538.290283203125,0
2024-08-22,281.0,286.0,277.0,285.5,285.5,24000.0,tbi.NS,207.89999389648438,187.10999450683593,228.68999328613282,0
2024-08-22,1601.0,1677.0,1601.0,1669.25,1669.25,79186.0,tbotek.NS,1406.300048828125,1265.6700439453125,1546.9300537109377,0
2024-08-22,188.10000610351562,195.0,185.25,191.5,191.5,53600.0,tcl.NS,195.14999389648438,175.63499450683594,214.66499328613284,1
2024-08-22,790.0,809.5999755859375,765.0,775.9000244140625,775.9000244140625,20000.0,techlabs.NS,103.05000305175781,92.74500274658203,113.35500335693361,0
2024-08-22,1741.0,1758.050048828125,1701.8499755859375,1712.949951171875,1712.949951171875,17113.0,tega.NS,722.2442016601562,650.0197814941406,794.4686218261719,0
2024-08-22,529.4500122070312,529.4500122070312,529.0,529.4500122070312,529.4500122070312,43200.0,tgl.NS,131.25,118.125,144.375,0
2024-08-22,467.0,474.6499938964844,460.0,462.04998779296875,462.04998779296875,125805.0,tmb.NS,499.3716125488281,449.4344512939453,549.308773803711,1
2024-08-22,103.12999725341797,107.0,101.0,103.0,103.0,17114.0,total.NS,25.112773895263672,22.601496505737305,27.624051284790042,0
2024-08-22,160.5,163.0,154.0,157.5399932861328,157.5399932861328,6972.0,touchwood.NS,88.81925201416016,79.93732681274415,97.70117721557618,0
2024-08-22,92.66999816894531,93.25,90.30000305175781,92.20999908447266,92.20999908447266,1140493.0,tracxn.NS,93.25,83.925,102.575,1
2024-08-22,68.0,68.5999984741211,67.5,68.0,68.0,60000.0,transteel.NS,93.30000305175781,83.97000274658204,102.6300033569336,0
2024-08-22,30.950000762939453,31.350000381469727,30.049999237060547,30.100000381469727,30.100000381469727,78000.0,tridhya.NS,44.099998474121094,39.689998626708984,48.50999832153321,0
2024-08-22,268.3500061035156,268.3500061035156,247.0,268.3500061035156,268.3500061035156,906000.0,trust.NS,150.39999389648438,135.35999450683593,165.43999328613282,0
2024-08-22,55.45000076293945,55.75,53.54999923706055,53.79999923706055,53.79999923706055,368000.0,tunwal.NS,60.79999923706055,54.71999931335449,66.8799991607666,0
2024-08-22,193.10000610351562,198.0800018310547,191.69000244140625,195.33999633789062,195.33999633789062,2547456.0,tvsscs.NS,201.0,180.9,221.10000000000002,1
2024-08-22,356.70001220703125,369.6499938964844,351.0,366.1000061035156,366.1000061035156,1750160.0,uds.NS,283.8999938964844,255.50999450683594,312.2899932861328,0
2024-08-22,241.0,246.6999969482422,241.0,243.0500030517578,243.0500030517578,174852.0,ugrocap.NS,258.6000061035156,232.74000549316406,284.4600067138672,1
2024-08-22,37.5,37.5,36.04999923706055,36.150001525878906,36.150001525878906,36000.0,uma.NS,33.150001525878906,29.835001373291018,36.4650016784668,1
2024-08-22,105.0,105.26000213623047,100.11000061035156,101.41999816894531,101.41999816894531,179843.0,umaexports.NS,79.80000305175781,71.82000274658203,87.7800033569336,0
2024-08-22,231.0,231.39999389648438,218.50999450683594,221.64999389648438,221.64999389648438,3141242.0,uniecom.NS,210.0800018310547,189.07200164794924,231.08800201416017,1
2024-08-22,127.0,137.5,125.0,133.5500030517578,133.5500030517578,144000.0,unihealth.NS,133.0,119.7,146.3,1
2024-08-22,39.52000045776367,42.7400016784668,38.90999984741211,42.20000076293945,42.20000076293945,250846.0,uniinfo.NS,38.900001525878906,35.01000137329102,42.7900016784668,1
2024-08-22,491.1000061035156,494.3500061035156,485.95001220703125,489.20001220703125,489.20001220703125,101757.0,uniparts.NS,506.1287841796875,455.5159057617188,556.7416625976563,1
2024-08-22,91.5999984741211,91.5999984741211,89.41000366210938,90.05999755859375,90.05999755859375,5278.0,unitedpoly.NS,17.350000381469727,15.615000343322754,19.0850004196167,0
2024-08-22,221.5,222.10000610351562,209.85000610351562,212.9600067138672,212.9600067138672,238979.0,univastu.NS,33.20000076293945,29.88000068664551,36.520000839233404,0
2024-08-22,511.0,527.0,491.6499938964844,495.6499938964844,495.6499938964844,2743.0,uravi.NS,277.3999938964844,249.65999450683594,305.13999328613284,0
2024-08-22,473.0,489.8999938964844,451.0,460.3999938964844,460.3999938964844,38800.0,urban.NS,147.86720275878906,133.08048248291016,162.65392303466797,0
2024-08-22,285.20001220703125,288.0,285.20001220703125,286.0,286.0,2700.0,usaseeds.NS,147.0,132.3,161.70000000000002,0
2024-08-22,60.33000183105469,60.9900016784668,59.349998474121094,59.63999938964844,59.63999938964844,299409.0,usk.NS,31.5,28.35,34.650000000000006,0
2024-08-22,1160.0,1164.0,1126.5,1131.699951171875,1131.699951171875,290772.0,utiamc.NS,458.7518615722656,412.8766754150391,504.62704772949223,0
2024-08-22,51.0,51.20000076293945,50.400001525878906,50.77000045776367,50.77000045776367,1781439.0,utkarshbnk.NS,47.52076721191406,42.768690490722655,52.27284393310547,1
2024-08-22,161.75,176.5,161.58999633789062,172.0800018310547,172.0800018310547,702527.0,vaishali.NS,44.5,40.050000000000004,48.95,0
2024-08-22,108.58000183105469,113.9000015258789,108.20999908447266,112.62000274658203,112.62000274658203,294754.0,valiantlab.NS,170.25,153.225,187.275,0
2024-08-22,0.7599999904632568,0.7599999904632568,0.7599999904632568,0.7599999904632568,0.7599999904632568,0.0,vcl.NS,10.216312408447266,9.194681167602539,11.237943649291994,0
2024-08-22,194.0,194.0,194.0,194.0,194.0,500.0,veekayem.NS,50.0,45.0,55.00000000000001,0
2024-08-22,55.099998474121094,55.099998474121094,55.099998474121094,55.099998474121094,55.099998474121094,1200.0,vels.NS,103.4000015258789,93.06000137329102,113.74000167846681,0
2024-08-22,291.75,294.95001220703125,280.0,284.0,284.0,103266.0,veranda.NS,131.25,118.125,144.375,0
2024-08-22,143.8000030517578,147.6999969482422,142.0,147.6999969482422,147.6999969482422,21600.0,veritaas.NS,261.25,235.125,287.375,0
2024-08-22,136.0,136.0,136.0,136.0,136.0,0.0,vertexplus.NS,106.05000305175781,95.44500274658203,116.6550033569336,0
2024-08-22,33.290000915527344,34.20000076293945,32.810001373291016,33.209999084472656,33.209999084472656,1473625.0,vertoz.NS,3.7677345275878906,3.3909610748291015,4.14450798034668,0
2024-08-22,56.150001525878906,59.25,56.150001525878906,59.0,59.0,10000.0,viaz.NS,68.05000305175781,61.24500274658203,74.8550033569336,0
2024-08-22,906.0499877929688,916.0,886.5999755859375,912.0499877929688,912.0499877929688,328816.0,vijaya.NS,617.2471923828125,555.5224731445313,678.9719116210938,0
2024-08-22,460.0,465.0,448.0,460.45001220703125,460.45001220703125,17000.0,vilas.NS,225.75,203.175,248.32500000000002,0
2024-08-22,19.0,19.0,18.850000381469727,18.850000381469727,18.850000381469727,12000.0,vilinbio.NS,28.5,25.650000000000002,31.35,0
2024-08-22,5.360000133514404,5.360000133514404,5.360000133514404,5.360000133514404,5.360000133514404,359934.0,vinny.NS,3.593477964401245,3.2341301679611205,3.95282576084137,0
2024-08-22,368.0,370.0,363.04998779296875,364.6000061035156,364.6000061035156,14000.0,vinsys.NS,217.60000610351562,195.84000549316406,239.3600067138672,0
2024-08-22,1031.5999755859375,1043.0999755859375,1020.0,1036.5,1036.5,11000.0,vinyas.NS,346.5,311.85,381.15000000000003,0
2024-08-22,42.45000076293945,42.75,42.45000076293945,42.599998474121094,42.599998474121094,21000.0,visaman.NS,47.349998474121094,42.61499862670899,52.084998321533206,0
2024-08-22,385.0,414.0,384.79998779296875,390.3500061035156,390.3500061035156,211000.0,vishnuinfr.NS,76.30589294433594,68.67530364990235,83.93648223876954,0
2024-08-22,80.5,80.94999694824219,79.1500015258789,80.0999984741211,80.0999984741211,22400.0,vishwas.NS,83.5999984741211,75.23999862670898,91.9599983215332,1
2024-08-22,81.0,84.69999694824219,81.0,84.19999694824219,84.19999694824219,21600.0,vital.NS,162.3120880126953,146.08087921142578,178.54329681396487,0
2024-08-22,820.0,830.0,803.0,820.0,820.0,5000.0,viviana.NS,94.5,85.05,103.95,0
2024-08-22,75.0,75.0,75.0,75.0,75.0,0.0,vivo.NS,282.79998779296875,254.51998901367188,311.0799865722656,0
2024-08-22,252.0,265.0,252.0,263.6000061035156,263.6000061035156,2673940.0,vprpl.NS,145.6999969482422,131.12999725341797,160.2699966430664,0
2024-08-22,269.5,269.5,269.5,269.5,269.5,0.0,vr.NS,87.4000015258789,78.66000137329102,96.1400016784668,0
2024-08-22,216.77999877929688,218.77999877929688,213.5,215.80999755859375,215.80999755859375,92995.0,vraj.NS,252.0,226.8,277.20000000000005,0
2024-08-22,258.54998779296875,258.54998779296875,258.54998779296875,258.54998779296875,258.54998779296875,12132.0,vstl.NS,446.25,401.625,490.87500000000006,0
2024-08-22,64.55000305175781,64.55000305175781,64.55000305175781,64.55000305175781,64.55000305175781,0.0,walpar.NS,34.29999923706055,30.869999313354494,37.7299991607666,0
2024-08-22,1269.75,1333.199951171875,1220.5,1329.4000244140625,1329.4000244140625,10180.0,wealth.NS,89.70353698730469,80.73318328857422,98.67389068603516,0
2024-08-22,825.2000122070312,835.5999755859375,818.2999877929688,830.7000122070312,830.7000122070312,22040.0,windlas.NS,397.05743408203125,357.35169067382816,436.7631774902344,0
2024-08-22,334.0,345.0,334.0,342.6499938964844,342.6499938964844,59200.0,winsol.NS,383.25,344.925,421.57500000000005,0
2024-08-22,300.0,300.0,300.0,300.0,300.0,1600.0,womancart.NS,122.8499984741211,110.56499862670898,135.1349983215332,0
2024-08-22,130.69000244140625,132.4600067138672,129.10000610351562,129.63999938964844,129.63999938964844,35792.0,worth.NS,39.613189697265625,35.65187072753906,43.57450866699219,0
2024-08-22,265.0,272.0,265.0,271.6499938964844,271.6499938964844,20000.0,wticab.NS,204.75,184.275,225.22500000000002,0
2024-08-22,99.5,102.5,99.5,102.0999984741211,102.0999984741211,41600.0,yashoptics.NS,92.69999694824219,83.42999725341797,101.96999664306641,0
2024-08-22,498.04998779296875,513.4000244140625,487.1000061035156,500.8500061035156,500.8500061035156,843811.0,yatharth.NS,333.8500061035156,300.4650054931641,367.2350067138672,0
2024-08-22,128.6999969482422,135.14999389648438,128.6999969482422,132.3699951171875,132.3699951171875,481860.0,yatra.NS,135.89999389648438,122.30999450683593,149.48999328613283,1
2024-08-22,23.049999237060547,23.149999618530273,23.0,23.100000381469727,23.100000381469727,21000.0,yccl.NS,33.599998474121094,30.239998626708985,36.959998321533206,0
2024-08-22,56.650001525878906,57.5,55.599998474121094,56.79999923706055,56.79999923706055,9600.0,yudiz.NS,181.39999389648438,163.25999450683594,199.53999328613284,0
2024-08-22,360.0,377.70001220703125,359.5,367.75,367.75,2477344.0,zaggle.NS,158.35000610351562,142.51500549316407,174.1850067138672,0
2024-08-22,198.0,213.0,196.60000610351562,209.85000610351562,209.85000610351562,45000.0,zeal.NS,153.6151885986328,138.25366973876953,168.9767074584961,0
2024-08-22,83.0,92.69999694824219,83.0,89.25,89.25,307200.0,zenithdrug.NS,105.1500015258789,94.63500137329102,115.66500167846681,0
2024-08-22,723.3499755859375,729.0,712.0,720.5499877929688,720.5499877929688,21369.0,zodiac.NS,32.099998474121094,28.889998626708984,35.30999832153321,0
2024-08-22,264.0,267.0,256.010009765625,257.9599914550781,257.9599914550781,73893288.0,zomato.NS,126.0,113.4,138.60000000000002,0
2024-08-22,351.8999938964844,352.8999938964844,340.0,345.20001220703125,345.20001220703125,85200.0,ztech.NS,105.0,94.5,115.50000000000001,0
